alg,perc,n_datasets,mediana_ds_delta_r2,media_ds_delta_r2,max_ds_delta_r2,pct_pares_empate_r2,p_wilcoxon_ds_r2,mediana_ds_delta_rmse,media_ds_delta_rmse,max_ds_delta_rmse,pct_pares_empate_rmse,p_wilcoxon_ds_rmse,p_holm_ds_r2,p_holm_ds_rmse
DT,1,21,0.0,-0.0014584634462727394,0.0,99.20634920634922,0.31731050786291415,0.0,-0.05230665154967484,0.0,99.20634920634922,0.31731050786291415,1.0,1.0
DT,5,21,0.0,-0.0014584634462727394,0.0,99.20634920634922,0.31731050786291415,0.0,-0.05230665154967484,0.0,99.20634920634922,0.31731050786291415,1.0,1.0
DT,10,21,0.0,0.009266702000911195,0.09740431380841617,92.06349206349206,0.14412703481601533,0.0,0.6472862928291109,6.337831989610915,92.06349206349206,0.14412703481601533,1.0,1.0
DT,20,21,0.0,-0.007195989038913333,0.012125443565388602,92.85714285714286,0.4652088184521418,0.0,-0.1637319662704005,0.8908708632630281,92.85714285714286,0.7150006546880893,1.0,1.0
KNN,1,21,0.0,6.728478149735339e-05,0.0014149200427591502,98.4126984126984,0.6547208460185769,0.0,0.002925439130642834,0.06991297265708495,98.4126984126984,0.6547208460185769,1.0,1.0
KNN,5,21,0.0,0.00011127257538409856,0.001585254033991592,89.68253968253968,0.28504940740261275,0.0,0.005019849112328062,0.0974923861280717,89.68253968253968,0.28504940740261275,1.0,1.0
KNN,10,21,0.0,0.00782526210806526,0.08859578508745831,76.19047619047619,1.0,0.0,0.5702717433392485,7.560200508675695,76.19047619047619,1.0,1.0,1.0
KNN,20,21,0.0,0.0046300907753861085,0.17166722463448406,73.80952380952381,0.5939546753269146,0.0,0.2690874788148609,10.342701467446323,73.80952380952381,0.5939546753269146,1.0,1.0
LR,1,21,0.0,0.00015350219940991585,0.003223546187608233,99.20634920634922,0.31731050786291415,0.0,0.008339524135663792,0.17513000684893965,99.20634920634922,0.31731050786291415,1.0,1.0
LR,5,21,0.0,0.00015350219940991585,0.003223546187608233,99.20634920634922,0.31731050786291415,0.0,0.008339524135663792,0.17513000684893965,99.20634920634922,0.31731050786291415,1.0,1.0
LR,10,21,0.0,0.008270853290140526,0.18155650118362954,92.06349206349206,0.7150006546880893,0.0,0.5689026003479348,13.244890015101541,92.06349206349206,1.0,1.0,1.0
LR,20,21,0.0,0.029291798261025844,0.6181095394133884,92.85714285714286,0.4652088184521418,0.0,0.6370884526025655,13.4556556035771,92.85714285714286,0.4652088184521418,1.0,1.0
RF,1,21,0.0,-0.00040781215523957154,0.0,99.20634920634922,0.31731050786291415,0.0,-0.01799161412645046,0.0,99.20634920634922,0.31731050786291415,1.0,1.0
RF,5,21,0.0,-0.00040781215523957154,0.0,99.20634920634922,0.31731050786291415,0.0,-0.01799161412645046,0.0,99.20634920634922,0.31731050786291415,1.0,1.0
RF,10,21,0.0,0.007513061264676415,0.1482914608626165,92.06349206349206,0.27332167829229814,0.0,0.5729246802486381,10.374456033273995,92.06349206349206,0.27332167829229814,1.0,1.0
RF,20,21,0.0,0.0003833453508697624,0.06866029303569489,92.85714285714286,0.7150006546880893,0.0,0.041812153248655094,4.825592457227455,92.85714285714286,0.7150006546880893,1.0,1.0
SVR,1,21,0.0,-6.052764118174366e-05,0.0,99.20634920634922,0.31731050786291415,0.0,-0.0030820258487703747,0.0,99.20634920634922,0.31731050786291415,1.0,1.0
SVR,5,21,0.0,-6.052764118174366e-05,0.0,99.20634920634922,0.31731050786291415,0.0,-0.0030820258487703747,0.0,99.20634920634922,0.31731050786291415,1.0,1.0
SVR,10,21,0.0,0.0075780066432332305,0.1679787016459364,92.06349206349206,0.4652088184521418,0.0,0.555856627227854,12.777153386857194,92.06349206349206,0.4652088184521418,1.0,1.0
SVR,20,21,0.0,0.014244944349717913,0.30086036525856746,92.85714285714286,0.4652088184521418,0.0,0.4911754276008578,10.279898573061383,92.85714285714286,0.27332167829229814,1.0,1.0
