ds,alg,perc,n_pares,media_delta_r2,mediana_delta_r2,dp_delta_r2,pct_vazamento_melhor_r2,pct_empate_r2,pct_vazamento_pior_r2,p_wilcoxon_r2,p_holm_r2,media_delta_rmse,mediana_delta_rmse,dp_delta_rmse,pct_vazamento_melhor_rmse,pct_empate_rmse,pct_vazamento_pior_rmse,p_wilcoxon_rmse,p_holm_rmse
1027_ESL,DT,1,6.0,0.0,0.0,0.0,0.0,100.0,0.0,1.0,1.0,0.0,0.0,0.0,0.0,100.0,0.0,1.0,1.0
1027_ESL,DT,5,6.0,0.0,0.0,0.0,0.0,100.0,0.0,1.0,1.0,0.0,0.0,0.0,0.0,100.0,0.0,1.0,1.0
1027_ESL,DT,10,6.0,0.0,0.0,0.0,0.0,100.0,0.0,1.0,1.0,0.0,0.0,0.0,0.0,100.0,0.0,1.0,1.0
1027_ESL,DT,20,6.0,0.0,0.0,0.0,0.0,100.0,0.0,1.0,1.0,0.0,0.0,0.0,0.0,100.0,0.0,1.0,1.0
1027_ESL,KNN,1,6.0,0.0,0.0,0.0,0.0,100.0,0.0,1.0,1.0,0.0,0.0,0.0,0.0,100.0,0.0,1.0,1.0
1027_ESL,KNN,5,6.0,0.0,0.0,0.0,0.0,100.0,0.0,1.0,1.0,0.0,0.0,0.0,0.0,100.0,0.0,1.0,1.0
1027_ESL,KNN,10,6.0,0.0,0.0,0.0,0.0,100.0,0.0,1.0,1.0,0.0,0.0,0.0,0.0,100.0,0.0,1.0,1.0
1027_ESL,KNN,20,6.0,0.0,0.0,0.0,0.0,100.0,0.0,1.0,1.0,0.0,0.0,0.0,0.0,100.0,0.0,1.0,1.0
1027_ESL,LR,1,6.0,0.0,0.0,0.0,0.0,100.0,0.0,1.0,1.0,0.0,0.0,0.0,0.0,100.0,0.0,1.0,1.0
1027_ESL,LR,5,6.0,0.0,0.0,0.0,0.0,100.0,0.0,1.0,1.0,0.0,0.0,0.0,0.0,100.0,0.0,1.0,1.0
1027_ESL,LR,10,6.0,0.0,0.0,0.0,0.0,100.0,0.0,1.0,1.0,0.0,0.0,0.0,0.0,100.0,0.0,1.0,1.0
1027_ESL,LR,20,6.0,0.0,0.0,0.0,0.0,100.0,0.0,1.0,1.0,0.0,0.0,0.0,0.0,100.0,0.0,1.0,1.0
1027_ESL,RF,1,6.0,0.0,0.0,0.0,0.0,100.0,0.0,1.0,1.0,0.0,0.0,0.0,0.0,100.0,0.0,1.0,1.0
1027_ESL,RF,5,6.0,0.0,0.0,0.0,0.0,100.0,0.0,1.0,1.0,0.0,0.0,0.0,0.0,100.0,0.0,1.0,1.0
1027_ESL,RF,10,6.0,0.0,0.0,0.0,0.0,100.0,0.0,1.0,1.0,0.0,0.0,0.0,0.0,100.0,0.0,1.0,1.0
1027_ESL,RF,20,6.0,0.0,0.0,0.0,0.0,100.0,0.0,1.0,1.0,0.0,0.0,0.0,0.0,100.0,0.0,1.0,1.0
1027_ESL,SVR,1,6.0,0.0,0.0,0.0,0.0,100.0,0.0,1.0,1.0,0.0,0.0,0.0,0.0,100.0,0.0,1.0,1.0
1027_ESL,SVR,5,6.0,0.0,0.0,0.0,0.0,100.0,0.0,1.0,1.0,0.0,0.0,0.0,0.0,100.0,0.0,1.0,1.0
1027_ESL,SVR,10,6.0,0.0,0.0,0.0,0.0,100.0,0.0,1.0,1.0,0.0,0.0,0.0,0.0,100.0,0.0,1.0,1.0
1027_ESL,SVR,20,6.0,0.0,0.0,0.0,0.0,100.0,0.0,1.0,1.0,0.0,0.0,0.0,0.0,100.0,0.0,1.0,1.0
1028_SWD,DT,1,6.0,0.0,0.0,0.0,0.0,100.0,0.0,1.0,1.0,0.0,0.0,0.0,0.0,100.0,0.0,1.0,1.0
1028_SWD,DT,5,6.0,0.0,0.0,0.0,0.0,100.0,0.0,1.0,1.0,0.0,0.0,0.0,0.0,100.0,0.0,1.0,1.0
1028_SWD,DT,10,6.0,0.0,0.0,0.0,0.0,100.0,0.0,1.0,1.0,0.0,0.0,0.0,0.0,100.0,0.0,1.0,1.0
1028_SWD,DT,20,6.0,0.012125443565388602,0.0,0.022831852363964164,33.33333333333333,66.66666666666666,0.0,0.5,1.0,0.8908708632630281,0.0,1.7150882458312178,33.33333333333333,66.66666666666666,0.0,0.5,1.0
1028_SWD,KNN,1,6.0,0.0,0.0,0.0,0.0,100.0,0.0,1.0,1.0,0.0,0.0,0.0,0.0,100.0,0.0,1.0,1.0
1028_SWD,KNN,5,6.0,0.0,0.0,0.0,0.0,100.0,0.0,1.0,1.0,0.0,0.0,0.0,0.0,100.0,0.0,1.0,1.0
1028_SWD,KNN,10,6.0,0.0,0.0,0.0,0.0,100.0,0.0,1.0,1.0,0.0,0.0,0.0,0.0,100.0,0.0,1.0,1.0
1028_SWD,KNN,20,6.0,0.020053869922011903,0.0,0.09085346042142663,16.666666666666664,66.66666666666666,16.666666666666664,1.0,1.0,1.2582961265131167,0.0,5.50219372513307,16.666666666666664,66.66666666666666,16.666666666666664,1.0,1.0
1028_SWD,LR,1,6.0,0.0,0.0,0.0,0.0,100.0,0.0,1.0,1.0,0.0,0.0,0.0,0.0,100.0,0.0,1.0,1.0
1028_SWD,LR,5,6.0,0.0,0.0,0.0,0.0,100.0,0.0,1.0,1.0,0.0,0.0,0.0,0.0,100.0,0.0,1.0,1.0
1028_SWD,LR,10,6.0,0.0,0.0,0.0,0.0,100.0,0.0,1.0,1.0,0.0,0.0,0.0,0.0,100.0,0.0,1.0,1.0
1028_SWD,LR,20,6.0,0.017208887881867713,0.0,0.02666643738252685,33.33333333333333,66.66666666666666,0.0,0.5,1.0,1.157658441705702,0.0,1.803622155874713,33.33333333333333,66.66666666666666,0.0,0.5,1.0
1028_SWD,RF,1,6.0,0.0,0.0,0.0,0.0,100.0,0.0,1.0,1.0,0.0,0.0,0.0,0.0,100.0,0.0,1.0,1.0
1028_SWD,RF,5,6.0,0.0,0.0,0.0,0.0,100.0,0.0,1.0,1.0,0.0,0.0,0.0,0.0,100.0,0.0,1.0,1.0
1028_SWD,RF,10,6.0,0.0,0.0,0.0,0.0,100.0,0.0,1.0,1.0,0.0,0.0,0.0,0.0,100.0,0.0,1.0,1.0
1028_SWD,RF,20,6.0,0.012246851139063366,0.0,0.023332627941541374,33.33333333333333,66.66666666666666,0.0,0.5,1.0,0.9010953557904454,0.0,1.7530402063957427,33.33333333333333,66.66666666666666,0.0,0.5,1.0
1028_SWD,SVR,1,6.0,0.0,0.0,0.0,0.0,100.0,0.0,1.0,1.0,0.0,0.0,0.0,0.0,100.0,0.0,1.0,1.0
1028_SWD,SVR,5,6.0,0.0,0.0,0.0,0.0,100.0,0.0,1.0,1.0,0.0,0.0,0.0,0.0,100.0,0.0,1.0,1.0
1028_SWD,SVR,10,6.0,0.0,0.0,0.0,0.0,100.0,0.0,1.0,1.0,0.0,0.0,0.0,0.0,100.0,0.0,1.0,1.0
1028_SWD,SVR,20,6.0,0.021140526670235665,0.0,0.03275210702093978,33.33333333333333,66.66666666666666,0.0,0.5,1.0,1.3313508990881544,0.0,2.07455256439546,33.33333333333333,66.66666666666666,0.0,0.5,1.0
1029_LEV,DT,1,6.0,0.0,0.0,0.0,0.0,100.0,0.0,1.0,1.0,0.0,0.0,0.0,0.0,100.0,0.0,1.0,1.0
1029_LEV,DT,5,6.0,0.0,0.0,0.0,0.0,100.0,0.0,1.0,1.0,0.0,0.0,0.0,0.0,100.0,0.0,1.0,1.0
1029_LEV,DT,10,6.0,0.0,0.0,0.0,0.0,100.0,0.0,1.0,1.0,0.0,0.0,0.0,0.0,100.0,0.0,1.0,1.0
1029_LEV,DT,20,6.0,0.0,0.0,0.0,0.0,100.0,0.0,1.0,1.0,0.0,0.0,0.0,0.0,100.0,0.0,1.0,1.0
1029_LEV,KNN,1,6.0,0.0,0.0,0.0,0.0,100.0,0.0,1.0,1.0,0.0,0.0,0.0,0.0,100.0,0.0,1.0,1.0
1029_LEV,KNN,5,6.0,0.0,0.0,0.0,0.0,100.0,0.0,1.0,1.0,0.0,0.0,0.0,0.0,100.0,0.0,1.0,1.0
1029_LEV,KNN,10,6.0,0.0,0.0,0.0,0.0,100.0,0.0,1.0,1.0,0.0,0.0,0.0,0.0,100.0,0.0,1.0,1.0
1029_LEV,KNN,20,6.0,0.0,0.0,0.0,0.0,100.0,0.0,1.0,1.0,0.0,0.0,0.0,0.0,100.0,0.0,1.0,1.0
1029_LEV,LR,1,6.0,0.0,0.0,0.0,0.0,100.0,0.0,1.0,1.0,0.0,0.0,0.0,0.0,100.0,0.0,1.0,1.0
1029_LEV,LR,5,6.0,0.0,0.0,0.0,0.0,100.0,0.0,1.0,1.0,0.0,0.0,0.0,0.0,100.0,0.0,1.0,1.0
1029_LEV,LR,10,6.0,0.0,0.0,0.0,0.0,100.0,0.0,1.0,1.0,0.0,0.0,0.0,0.0,100.0,0.0,1.0,1.0
1029_LEV,LR,20,6.0,0.0,0.0,0.0,0.0,100.0,0.0,1.0,1.0,0.0,0.0,0.0,0.0,100.0,0.0,1.0,1.0
1029_LEV,RF,1,6.0,0.0,0.0,0.0,0.0,100.0,0.0,1.0,1.0,0.0,0.0,0.0,0.0,100.0,0.0,1.0,1.0
1029_LEV,RF,5,6.0,0.0,0.0,0.0,0.0,100.0,0.0,1.0,1.0,0.0,0.0,0.0,0.0,100.0,0.0,1.0,1.0
1029_LEV,RF,10,6.0,0.0,0.0,0.0,0.0,100.0,0.0,1.0,1.0,0.0,0.0,0.0,0.0,100.0,0.0,1.0,1.0
1029_LEV,RF,20,6.0,0.0,0.0,0.0,0.0,100.0,0.0,1.0,1.0,0.0,0.0,0.0,0.0,100.0,0.0,1.0,1.0
1029_LEV,SVR,1,6.0,0.0,0.0,0.0,0.0,100.0,0.0,1.0,1.0,0.0,0.0,0.0,0.0,100.0,0.0,1.0,1.0
1029_LEV,SVR,5,6.0,0.0,0.0,0.0,0.0,100.0,0.0,1.0,1.0,0.0,0.0,0.0,0.0,100.0,0.0,1.0,1.0
1029_LEV,SVR,10,6.0,0.0,0.0,0.0,0.0,100.0,0.0,1.0,1.0,0.0,0.0,0.0,0.0,100.0,0.0,1.0,1.0
1029_LEV,SVR,20,6.0,0.0,0.0,0.0,0.0,100.0,0.0,1.0,1.0,0.0,0.0,0.0,0.0,100.0,0.0,1.0,1.0
1030_ERA,DT,1,6.0,0.0,0.0,0.0,0.0,100.0,0.0,1.0,1.0,0.0,0.0,0.0,0.0,100.0,0.0,1.0,1.0
1030_ERA,DT,5,6.0,0.0,0.0,0.0,0.0,100.0,0.0,1.0,1.0,0.0,0.0,0.0,0.0,100.0,0.0,1.0,1.0
1030_ERA,DT,10,6.0,0.0,0.0,0.0,0.0,100.0,0.0,1.0,1.0,0.0,0.0,0.0,0.0,100.0,0.0,1.0,1.0
1030_ERA,DT,20,6.0,0.0,0.0,0.0,0.0,100.0,0.0,1.0,1.0,0.0,0.0,0.0,0.0,100.0,0.0,1.0,1.0
1030_ERA,KNN,1,6.0,0.0,0.0,0.0,0.0,100.0,0.0,1.0,1.0,0.0,0.0,0.0,0.0,100.0,0.0,1.0,1.0
1030_ERA,KNN,5,6.0,0.0,0.0,0.0,0.0,100.0,0.0,1.0,1.0,0.0,0.0,0.0,0.0,100.0,0.0,1.0,1.0
1030_ERA,KNN,10,6.0,0.0,0.0,0.0,0.0,100.0,0.0,1.0,1.0,0.0,0.0,0.0,0.0,100.0,0.0,1.0,1.0
1030_ERA,KNN,20,6.0,0.0,0.0,0.0,0.0,100.0,0.0,1.0,1.0,0.0,0.0,0.0,0.0,100.0,0.0,1.0,1.0
1030_ERA,LR,1,6.0,0.0,0.0,0.0,0.0,100.0,0.0,1.0,1.0,0.0,0.0,0.0,0.0,100.0,0.0,1.0,1.0
1030_ERA,LR,5,6.0,0.0,0.0,0.0,0.0,100.0,0.0,1.0,1.0,0.0,0.0,0.0,0.0,100.0,0.0,1.0,1.0
1030_ERA,LR,10,6.0,0.0,0.0,0.0,0.0,100.0,0.0,1.0,1.0,0.0,0.0,0.0,0.0,100.0,0.0,1.0,1.0
1030_ERA,LR,20,6.0,0.0,0.0,0.0,0.0,100.0,0.0,1.0,1.0,0.0,0.0,0.0,0.0,100.0,0.0,1.0,1.0
1030_ERA,RF,1,6.0,0.0,0.0,0.0,0.0,100.0,0.0,1.0,1.0,0.0,0.0,0.0,0.0,100.0,0.0,1.0,1.0
1030_ERA,RF,5,6.0,0.0,0.0,0.0,0.0,100.0,0.0,1.0,1.0,0.0,0.0,0.0,0.0,100.0,0.0,1.0,1.0
1030_ERA,RF,10,6.0,0.0,0.0,0.0,0.0,100.0,0.0,1.0,1.0,0.0,0.0,0.0,0.0,100.0,0.0,1.0,1.0
1030_ERA,RF,20,6.0,0.0,0.0,0.0,0.0,100.0,0.0,1.0,1.0,0.0,0.0,0.0,0.0,100.0,0.0,1.0,1.0
1030_ERA,SVR,1,6.0,0.0,0.0,0.0,0.0,100.0,0.0,1.0,1.0,0.0,0.0,0.0,0.0,100.0,0.0,1.0,1.0
1030_ERA,SVR,5,6.0,0.0,0.0,0.0,0.0,100.0,0.0,1.0,1.0,0.0,0.0,0.0,0.0,100.0,0.0,1.0,1.0
1030_ERA,SVR,10,6.0,0.0,0.0,0.0,0.0,100.0,0.0,1.0,1.0,0.0,0.0,0.0,0.0,100.0,0.0,1.0,1.0
1030_ERA,SVR,20,6.0,0.0,0.0,0.0,0.0,100.0,0.0,1.0,1.0,0.0,0.0,0.0,0.0,100.0,0.0,1.0,1.0
1089_USCrime,DT,1,6.0,0.0,0.0,0.0,0.0,100.0,0.0,1.0,1.0,0.0,0.0,0.0,0.0,100.0,0.0,1.0,1.0
1089_USCrime,DT,5,6.0,0.0,0.0,0.0,0.0,100.0,0.0,1.0,1.0,0.0,0.0,0.0,0.0,100.0,0.0,1.0,1.0
1089_USCrime,DT,10,6.0,0.09740431380841617,0.0,0.23859086757654926,16.666666666666664,83.33333333333334,0.0,1.0,1.0,6.337831989610915,0.0,15.524454450035039,16.666666666666664,83.33333333333334,0.0,1.0,1.0
1089_USCrime,DT,20,6.0,0.0,0.0,0.0,0.0,100.0,0.0,1.0,1.0,0.0,0.0,0.0,0.0,100.0,0.0,1.0,1.0
1089_USCrime,KNN,1,6.0,0.0,0.0,0.0,0.0,100.0,0.0,1.0,1.0,0.0,0.0,0.0,0.0,100.0,0.0,1.0,1.0
1089_USCrime,KNN,5,6.0,0.0,0.0,0.0,0.0,100.0,0.0,1.0,1.0,0.0,0.0,0.0,0.0,100.0,0.0,1.0,1.0
1089_USCrime,KNN,10,6.0,0.08285930781701557,0.0,0.20296302459189364,16.666666666666664,83.33333333333334,0.0,1.0,1.0,5.165341268562511,0.0,12.652450455318519,16.666666666666664,83.33333333333334,0.0,1.0,1.0
1089_USCrime,KNN,20,6.0,0.0,0.0,0.0,0.0,100.0,0.0,1.0,1.0,0.0,0.0,0.0,0.0,100.0,0.0,1.0,1.0
1089_USCrime,LR,1,6.0,0.0,0.0,0.0,0.0,100.0,0.0,1.0,1.0,0.0,0.0,0.0,0.0,100.0,0.0,1.0,1.0
1089_USCrime,LR,5,6.0,0.0,0.0,0.0,0.0,100.0,0.0,1.0,1.0,0.0,0.0,0.0,0.0,100.0,0.0,1.0,1.0
1089_USCrime,LR,10,6.0,-0.008842357626506425,0.0,0.0216592643081481,0.0,83.33333333333334,16.666666666666664,1.0,1.0,-1.1047949089009113,0.0,2.7061837972318576,0.0,83.33333333333334,16.666666666666664,1.0,1.0
1089_USCrime,LR,20,6.0,0.0,0.0,0.0,0.0,100.0,0.0,1.0,1.0,0.0,0.0,0.0,0.0,100.0,0.0,1.0,1.0
1089_USCrime,RF,1,6.0,0.0,0.0,0.0,0.0,100.0,0.0,1.0,1.0,0.0,0.0,0.0,0.0,100.0,0.0,1.0,1.0
1089_USCrime,RF,5,6.0,0.0,0.0,0.0,0.0,100.0,0.0,1.0,1.0,0.0,0.0,0.0,0.0,100.0,0.0,1.0,1.0
1089_USCrime,RF,10,6.0,0.00985411369571837,0.0,0.02413755042188138,16.666666666666664,83.33333333333334,0.0,1.0,1.0,1.6626425276280588,0.0,4.072625817340027,16.666666666666664,83.33333333333334,0.0,1.0,1.0
1089_USCrime,RF,20,6.0,0.0,0.0,0.0,0.0,100.0,0.0,1.0,1.0,0.0,0.0,0.0,0.0,100.0,0.0,1.0,1.0
1089_USCrime,SVR,1,6.0,0.0,0.0,0.0,0.0,100.0,0.0,1.0,1.0,0.0,0.0,0.0,0.0,100.0,0.0,1.0,1.0
1089_USCrime,SVR,5,6.0,0.0,0.0,0.0,0.0,100.0,0.0,1.0,1.0,0.0,0.0,0.0,0.0,100.0,0.0,1.0,1.0
1089_USCrime,SVR,10,6.0,-0.010081635855489879,0.0,0.02469486361849757,0.0,83.33333333333334,16.666666666666664,1.0,1.0,-1.2817105721958373,0.0,3.139536899810462,0.0,83.33333333333334,16.666666666666664,1.0,1.0
1089_USCrime,SVR,20,6.0,0.0,0.0,0.0,0.0,100.0,0.0,1.0,1.0,0.0,0.0,0.0,0.0,100.0,0.0,1.0,1.0
1096_FacultySalaries,DT,1,6.0,0.0,0.0,0.0,0.0,100.0,0.0,1.0,1.0,0.0,0.0,0.0,0.0,100.0,0.0,1.0,1.0
1096_FacultySalaries,DT,5,6.0,0.0,0.0,0.0,0.0,100.0,0.0,1.0,1.0,0.0,0.0,0.0,0.0,100.0,0.0,1.0,1.0
1096_FacultySalaries,DT,10,6.0,0.0,0.0,0.0,0.0,100.0,0.0,1.0,1.0,0.0,0.0,0.0,0.0,100.0,0.0,1.0,1.0
1096_FacultySalaries,DT,20,6.0,0.0,0.0,0.0,0.0,100.0,0.0,1.0,1.0,0.0,0.0,0.0,0.0,100.0,0.0,1.0,1.0
1096_FacultySalaries,KNN,1,6.0,0.0,0.0,0.0,0.0,100.0,0.0,1.0,1.0,0.0,0.0,0.0,0.0,100.0,0.0,1.0,1.0
1096_FacultySalaries,KNN,5,6.0,0.0,0.0,0.0,0.0,100.0,0.0,1.0,1.0,0.0,0.0,0.0,0.0,100.0,0.0,1.0,1.0
1096_FacultySalaries,KNN,10,6.0,0.0,0.0,0.0,0.0,100.0,0.0,1.0,1.0,0.0,0.0,0.0,0.0,100.0,0.0,1.0,1.0
1096_FacultySalaries,KNN,20,6.0,0.0,0.0,0.0,0.0,100.0,0.0,1.0,1.0,0.0,0.0,0.0,0.0,100.0,0.0,1.0,1.0
1096_FacultySalaries,LR,1,6.0,0.0,0.0,0.0,0.0,100.0,0.0,1.0,1.0,0.0,0.0,0.0,0.0,100.0,0.0,1.0,1.0
1096_FacultySalaries,LR,5,6.0,0.0,0.0,0.0,0.0,100.0,0.0,1.0,1.0,0.0,0.0,0.0,0.0,100.0,0.0,1.0,1.0
1096_FacultySalaries,LR,10,6.0,0.0,0.0,0.0,0.0,100.0,0.0,1.0,1.0,0.0,0.0,0.0,0.0,100.0,0.0,1.0,1.0
1096_FacultySalaries,LR,20,6.0,0.0,0.0,0.0,0.0,100.0,0.0,1.0,1.0,0.0,0.0,0.0,0.0,100.0,0.0,1.0,1.0
1096_FacultySalaries,RF,1,6.0,0.0,0.0,0.0,0.0,100.0,0.0,1.0,1.0,0.0,0.0,0.0,0.0,100.0,0.0,1.0,1.0
1096_FacultySalaries,RF,5,6.0,0.0,0.0,0.0,0.0,100.0,0.0,1.0,1.0,0.0,0.0,0.0,0.0,100.0,0.0,1.0,1.0
1096_FacultySalaries,RF,10,6.0,0.0,0.0,0.0,0.0,100.0,0.0,1.0,1.0,0.0,0.0,0.0,0.0,100.0,0.0,1.0,1.0
1096_FacultySalaries,RF,20,6.0,0.0,0.0,0.0,0.0,100.0,0.0,1.0,1.0,0.0,0.0,0.0,0.0,100.0,0.0,1.0,1.0
1096_FacultySalaries,SVR,1,6.0,0.0,0.0,0.0,0.0,100.0,0.0,1.0,1.0,0.0,0.0,0.0,0.0,100.0,0.0,1.0,1.0
1096_FacultySalaries,SVR,5,6.0,0.0,0.0,0.0,0.0,100.0,0.0,1.0,1.0,0.0,0.0,0.0,0.0,100.0,0.0,1.0,1.0
1096_FacultySalaries,SVR,10,6.0,0.0,0.0,0.0,0.0,100.0,0.0,1.0,1.0,0.0,0.0,0.0,0.0,100.0,0.0,1.0,1.0
1096_FacultySalaries,SVR,20,6.0,0.0,0.0,0.0,0.0,100.0,0.0,1.0,1.0,0.0,0.0,0.0,0.0,100.0,0.0,1.0,1.0
1199_BNG_echoMonths,DT,1,6.0,0.0,0.0,0.0,0.0,100.0,0.0,1.0,1.0,0.0,0.0,0.0,0.0,100.0,0.0,1.0,1.0
1199_BNG_echoMonths,DT,5,6.0,0.0,0.0,0.0,0.0,100.0,0.0,1.0,1.0,0.0,0.0,0.0,0.0,100.0,0.0,1.0,1.0
1199_BNG_echoMonths,DT,10,6.0,0.0,0.0,0.0,0.0,100.0,0.0,1.0,1.0,0.0,0.0,0.0,0.0,100.0,0.0,1.0,1.0
1199_BNG_echoMonths,DT,20,6.0,0.0,0.0,0.0,0.0,100.0,0.0,1.0,1.0,0.0,0.0,0.0,0.0,100.0,0.0,1.0,1.0
1199_BNG_echoMonths,KNN,1,6.0,0.0,0.0,0.0,0.0,100.0,0.0,1.0,1.0,0.0,0.0,0.0,0.0,100.0,0.0,1.0,1.0
1199_BNG_echoMonths,KNN,5,6.0,0.0,0.0,0.0,0.0,100.0,0.0,1.0,1.0,0.0,0.0,0.0,0.0,100.0,0.0,1.0,1.0
1199_BNG_echoMonths,KNN,10,6.0,0.0,0.0,0.0,0.0,100.0,0.0,1.0,1.0,0.0,0.0,0.0,0.0,100.0,0.0,1.0,1.0
1199_BNG_echoMonths,KNN,20,6.0,0.0,0.0,0.0,0.0,100.0,0.0,1.0,1.0,0.0,0.0,0.0,0.0,100.0,0.0,1.0,1.0
1199_BNG_echoMonths,LR,1,6.0,0.0,0.0,0.0,0.0,100.0,0.0,1.0,1.0,0.0,0.0,0.0,0.0,100.0,0.0,1.0,1.0
1199_BNG_echoMonths,LR,5,6.0,0.0,0.0,0.0,0.0,100.0,0.0,1.0,1.0,0.0,0.0,0.0,0.0,100.0,0.0,1.0,1.0
1199_BNG_echoMonths,LR,10,6.0,0.0,0.0,0.0,0.0,100.0,0.0,1.0,1.0,0.0,0.0,0.0,0.0,100.0,0.0,1.0,1.0
1199_BNG_echoMonths,LR,20,6.0,0.0,0.0,0.0,0.0,100.0,0.0,1.0,1.0,0.0,0.0,0.0,0.0,100.0,0.0,1.0,1.0
1199_BNG_echoMonths,RF,1,6.0,0.0,0.0,0.0,0.0,100.0,0.0,1.0,1.0,0.0,0.0,0.0,0.0,100.0,0.0,1.0,1.0
1199_BNG_echoMonths,RF,5,6.0,0.0,0.0,0.0,0.0,100.0,0.0,1.0,1.0,0.0,0.0,0.0,0.0,100.0,0.0,1.0,1.0
1199_BNG_echoMonths,RF,10,6.0,0.0,0.0,0.0,0.0,100.0,0.0,1.0,1.0,0.0,0.0,0.0,0.0,100.0,0.0,1.0,1.0
1199_BNG_echoMonths,RF,20,6.0,0.0,0.0,0.0,0.0,100.0,0.0,1.0,1.0,0.0,0.0,0.0,0.0,100.0,0.0,1.0,1.0
1199_BNG_echoMonths,SVR,1,6.0,0.0,0.0,0.0,0.0,100.0,0.0,1.0,1.0,0.0,0.0,0.0,0.0,100.0,0.0,1.0,1.0
1199_BNG_echoMonths,SVR,5,6.0,0.0,0.0,0.0,0.0,100.0,0.0,1.0,1.0,0.0,0.0,0.0,0.0,100.0,0.0,1.0,1.0
1199_BNG_echoMonths,SVR,10,6.0,0.0,0.0,0.0,0.0,100.0,0.0,1.0,1.0,0.0,0.0,0.0,0.0,100.0,0.0,1.0,1.0
1199_BNG_echoMonths,SVR,20,6.0,0.0,0.0,0.0,0.0,100.0,0.0,1.0,1.0,0.0,0.0,0.0,0.0,100.0,0.0,1.0,1.0
197_cpu_act,DT,1,6.0,0.0,0.0,0.0,0.0,100.0,0.0,1.0,1.0,0.0,0.0,0.0,0.0,100.0,0.0,1.0,1.0
197_cpu_act,DT,5,6.0,0.0,0.0,0.0,0.0,100.0,0.0,1.0,1.0,0.0,0.0,0.0,0.0,100.0,0.0,1.0,1.0
197_cpu_act,DT,10,6.0,0.0,0.0,0.0,0.0,100.0,0.0,1.0,1.0,0.0,0.0,0.0,0.0,100.0,0.0,1.0,1.0
197_cpu_act,DT,20,6.0,0.0,0.0,0.0,0.0,100.0,0.0,1.0,1.0,0.0,0.0,0.0,0.0,100.0,0.0,1.0,1.0
197_cpu_act,KNN,1,6.0,0.0,0.0,0.0,0.0,100.0,0.0,1.0,1.0,0.0,0.0,0.0,0.0,100.0,0.0,1.0,1.0
197_cpu_act,KNN,5,6.0,0.0,0.0,0.0,0.0,100.0,0.0,1.0,1.0,0.0,0.0,0.0,0.0,100.0,0.0,1.0,1.0
197_cpu_act,KNN,10,6.0,3.250845968860716e-06,0.0,3.458157163110385e-05,16.666666666666664,50.0,33.33333333333333,1.0,1.0,0.0009253223730810046,0.0,0.01085665741690047,16.666666666666664,50.0,33.33333333333333,1.0,1.0
197_cpu_act,KNN,20,6.0,6.933613827531104e-07,0.0,1.6983815950957051e-06,16.666666666666664,83.33333333333334,0.0,1.0,1.0,0.0008106039351492841,0.0,0.0019855660246078516,16.666666666666664,83.33333333333334,0.0,1.0,1.0
197_cpu_act,LR,1,6.0,0.0,0.0,0.0,0.0,100.0,0.0,1.0,1.0,0.0,0.0,0.0,0.0,100.0,0.0,1.0,1.0
197_cpu_act,LR,5,6.0,0.0,0.0,0.0,0.0,100.0,0.0,1.0,1.0,0.0,0.0,0.0,0.0,100.0,0.0,1.0,1.0
197_cpu_act,LR,10,6.0,0.0,0.0,0.0,0.0,100.0,0.0,1.0,1.0,0.0,0.0,0.0,0.0,100.0,0.0,1.0,1.0
197_cpu_act,LR,20,6.0,0.0,0.0,0.0,0.0,100.0,0.0,1.0,1.0,0.0,0.0,0.0,0.0,100.0,0.0,1.0,1.0
197_cpu_act,RF,1,6.0,0.0,0.0,0.0,0.0,100.0,0.0,1.0,1.0,0.0,0.0,0.0,0.0,100.0,0.0,1.0,1.0
197_cpu_act,RF,5,6.0,0.0,0.0,0.0,0.0,100.0,0.0,1.0,1.0,0.0,0.0,0.0,0.0,100.0,0.0,1.0,1.0
197_cpu_act,RF,10,6.0,0.0,0.0,0.0,0.0,100.0,0.0,1.0,1.0,0.0,0.0,0.0,0.0,100.0,0.0,1.0,1.0
197_cpu_act,RF,20,6.0,0.0,0.0,0.0,0.0,100.0,0.0,1.0,1.0,0.0,0.0,0.0,0.0,100.0,0.0,1.0,1.0
197_cpu_act,SVR,1,6.0,0.0,0.0,0.0,0.0,100.0,0.0,1.0,1.0,0.0,0.0,0.0,0.0,100.0,0.0,1.0,1.0
197_cpu_act,SVR,5,6.0,0.0,0.0,0.0,0.0,100.0,0.0,1.0,1.0,0.0,0.0,0.0,0.0,100.0,0.0,1.0,1.0
197_cpu_act,SVR,10,6.0,0.0,0.0,0.0,0.0,100.0,0.0,1.0,1.0,0.0,0.0,0.0,0.0,100.0,0.0,1.0,1.0
197_cpu_act,SVR,20,6.0,0.0,0.0,0.0,0.0,100.0,0.0,1.0,1.0,0.0,0.0,0.0,0.0,100.0,0.0,1.0,1.0
201_pol,DT,1,6.0,0.0,0.0,0.0,0.0,100.0,0.0,1.0,1.0,0.0,0.0,0.0,0.0,100.0,0.0,1.0,1.0
201_pol,DT,5,6.0,0.0,0.0,0.0,0.0,100.0,0.0,1.0,1.0,0.0,0.0,0.0,0.0,100.0,0.0,1.0,1.0
201_pol,DT,10,6.0,0.0,0.0,0.0,0.0,100.0,0.0,1.0,1.0,0.0,0.0,0.0,0.0,100.0,0.0,1.0,1.0
201_pol,DT,20,6.0,0.0,0.0,0.0,0.0,100.0,0.0,1.0,1.0,0.0,0.0,0.0,0.0,100.0,0.0,1.0,1.0
201_pol,KNN,1,6.0,0.0,0.0,0.0,0.0,100.0,0.0,1.0,1.0,0.0,0.0,0.0,0.0,100.0,0.0,1.0,1.0
201_pol,KNN,5,6.0,0.001585254033991592,0.0017226830044036051,0.0014338461764277159,83.33333333333334,0.0,16.666666666666664,0.0625,1.0,0.0974923861280717,0.10864248100970987,0.08472700831948475,83.33333333333334,0.0,16.666666666666664,0.0625,1.0
201_pol,KNN,10,6.0,-0.00044168439149563774,-3.119241259465222e-05,0.001482075045021451,50.0,0.0,50.0,0.6875,1.0,-0.026196099234975952,-0.002070268950619323,0.08890681752214664,50.0,0.0,50.0,0.6875,1.0
201_pol,KNN,20,6.0,0.00010062539216141679,-2.527082514591772e-05,0.0005720860032599874,50.0,0.0,50.0,1.0,1.0,0.0654228175271885,-0.012388550368579256,0.29662612716284226,50.0,0.0,50.0,0.84375,1.0
201_pol,LR,1,6.0,0.0,0.0,0.0,0.0,100.0,0.0,1.0,1.0,0.0,0.0,0.0,0.0,100.0,0.0,1.0,1.0
201_pol,LR,5,6.0,0.0,0.0,0.0,0.0,100.0,0.0,1.0,1.0,0.0,0.0,0.0,0.0,100.0,0.0,1.0,1.0
201_pol,LR,10,6.0,0.0,0.0,0.0,0.0,100.0,0.0,1.0,1.0,0.0,0.0,0.0,0.0,100.0,0.0,1.0,1.0
201_pol,LR,20,6.0,0.0,0.0,0.0,0.0,100.0,0.0,1.0,1.0,0.0,0.0,0.0,0.0,100.0,0.0,1.0,1.0
201_pol,RF,1,6.0,0.0,0.0,0.0,0.0,100.0,0.0,1.0,1.0,0.0,0.0,0.0,0.0,100.0,0.0,1.0,1.0
201_pol,RF,5,6.0,0.0,0.0,0.0,0.0,100.0,0.0,1.0,1.0,0.0,0.0,0.0,0.0,100.0,0.0,1.0,1.0
201_pol,RF,10,6.0,0.0,0.0,0.0,0.0,100.0,0.0,1.0,1.0,0.0,0.0,0.0,0.0,100.0,0.0,1.0,1.0
201_pol,RF,20,6.0,0.0,0.0,0.0,0.0,100.0,0.0,1.0,1.0,0.0,0.0,0.0,0.0,100.0,0.0,1.0,1.0
201_pol,SVR,1,6.0,0.0,0.0,0.0,0.0,100.0,0.0,1.0,1.0,0.0,0.0,0.0,0.0,100.0,0.0,1.0,1.0
201_pol,SVR,5,6.0,0.0,0.0,0.0,0.0,100.0,0.0,1.0,1.0,0.0,0.0,0.0,0.0,100.0,0.0,1.0,1.0
201_pol,SVR,10,6.0,0.0,0.0,0.0,0.0,100.0,0.0,1.0,1.0,0.0,0.0,0.0,0.0,100.0,0.0,1.0,1.0
201_pol,SVR,20,6.0,0.0,0.0,0.0,0.0,100.0,0.0,1.0,1.0,0.0,0.0,0.0,0.0,100.0,0.0,1.0,1.0
218_house_8L,DT,1,6.0,0.0,0.0,0.0,0.0,100.0,0.0,1.0,1.0,0.0,0.0,0.0,0.0,100.0,0.0,1.0,1.0
218_house_8L,DT,5,6.0,0.0,0.0,0.0,0.0,100.0,0.0,1.0,1.0,0.0,0.0,0.0,0.0,100.0,0.0,1.0,1.0
218_house_8L,DT,10,6.0,0.0,0.0,0.0,0.0,100.0,0.0,1.0,1.0,0.0,0.0,0.0,0.0,100.0,0.0,1.0,1.0
218_house_8L,DT,20,6.0,0.0,0.0,0.0,0.0,100.0,0.0,1.0,1.0,0.0,0.0,0.0,0.0,100.0,0.0,1.0,1.0
218_house_8L,KNN,1,6.0,0.0,0.0,0.0,0.0,100.0,0.0,1.0,1.0,0.0,0.0,0.0,0.0,100.0,0.0,1.0,1.0
218_house_8L,KNN,5,6.0,0.0,0.0,0.0,0.0,100.0,0.0,1.0,1.0,0.0,0.0,0.0,0.0,100.0,0.0,1.0,1.0
218_house_8L,KNN,10,6.0,0.0,0.0,0.0,0.0,100.0,0.0,1.0,1.0,0.0,0.0,0.0,0.0,100.0,0.0,1.0,1.0
218_house_8L,KNN,20,6.0,0.0,0.0,0.0,0.0,100.0,0.0,1.0,1.0,0.0,0.0,0.0,0.0,100.0,0.0,1.0,1.0
218_house_8L,LR,1,6.0,0.0,0.0,0.0,0.0,100.0,0.0,1.0,1.0,0.0,0.0,0.0,0.0,100.0,0.0,1.0,1.0
218_house_8L,LR,5,6.0,0.0,0.0,0.0,0.0,100.0,0.0,1.0,1.0,0.0,0.0,0.0,0.0,100.0,0.0,1.0,1.0
218_house_8L,LR,10,6.0,0.0,0.0,0.0,0.0,100.0,0.0,1.0,1.0,0.0,0.0,0.0,0.0,100.0,0.0,1.0,1.0
218_house_8L,LR,20,6.0,0.0,0.0,0.0,0.0,100.0,0.0,1.0,1.0,0.0,0.0,0.0,0.0,100.0,0.0,1.0,1.0
218_house_8L,RF,1,6.0,0.0,0.0,0.0,0.0,100.0,0.0,1.0,1.0,0.0,0.0,0.0,0.0,100.0,0.0,1.0,1.0
218_house_8L,RF,5,6.0,0.0,0.0,0.0,0.0,100.0,0.0,1.0,1.0,0.0,0.0,0.0,0.0,100.0,0.0,1.0,1.0
218_house_8L,RF,10,6.0,0.0,0.0,0.0,0.0,100.0,0.0,1.0,1.0,0.0,0.0,0.0,0.0,100.0,0.0,1.0,1.0
218_house_8L,RF,20,6.0,0.0,0.0,0.0,0.0,100.0,0.0,1.0,1.0,0.0,0.0,0.0,0.0,100.0,0.0,1.0,1.0
218_house_8L,SVR,1,6.0,0.0,0.0,0.0,0.0,100.0,0.0,1.0,1.0,0.0,0.0,0.0,0.0,100.0,0.0,1.0,1.0
218_house_8L,SVR,5,6.0,0.0,0.0,0.0,0.0,100.0,0.0,1.0,1.0,0.0,0.0,0.0,0.0,100.0,0.0,1.0,1.0
218_house_8L,SVR,10,6.0,0.0,0.0,0.0,0.0,100.0,0.0,1.0,1.0,0.0,0.0,0.0,0.0,100.0,0.0,1.0,1.0
218_house_8L,SVR,20,6.0,0.0,0.0,0.0,0.0,100.0,0.0,1.0,1.0,0.0,0.0,0.0,0.0,100.0,0.0,1.0,1.0
225_puma8NH,DT,1,6.0,0.0,0.0,0.0,0.0,100.0,0.0,1.0,1.0,0.0,0.0,0.0,0.0,100.0,0.0,1.0,1.0
225_puma8NH,DT,5,6.0,0.0,0.0,0.0,0.0,100.0,0.0,1.0,1.0,0.0,0.0,0.0,0.0,100.0,0.0,1.0,1.0
225_puma8NH,DT,10,6.0,0.0,0.0,0.0,0.0,100.0,0.0,1.0,1.0,0.0,0.0,0.0,0.0,100.0,0.0,1.0,1.0
225_puma8NH,DT,20,6.0,0.0,0.0,0.0,0.0,100.0,0.0,1.0,1.0,0.0,0.0,0.0,0.0,100.0,0.0,1.0,1.0
225_puma8NH,KNN,1,6.0,0.0,0.0,0.0,0.0,100.0,0.0,1.0,1.0,0.0,0.0,0.0,0.0,100.0,0.0,1.0,1.0
225_puma8NH,KNN,5,6.0,0.0,0.0,0.0,0.0,100.0,0.0,1.0,1.0,0.0,0.0,0.0,0.0,100.0,0.0,1.0,1.0
225_puma8NH,KNN,10,6.0,0.0,0.0,0.0,0.0,100.0,0.0,1.0,1.0,0.0,0.0,0.0,0.0,100.0,0.0,1.0,1.0
225_puma8NH,KNN,20,6.0,0.0,0.0,0.0,0.0,100.0,0.0,1.0,1.0,0.0,0.0,0.0,0.0,100.0,0.0,1.0,1.0
225_puma8NH,LR,1,6.0,0.0,0.0,0.0,0.0,100.0,0.0,1.0,1.0,0.0,0.0,0.0,0.0,100.0,0.0,1.0,1.0
225_puma8NH,LR,5,6.0,0.0,0.0,0.0,0.0,100.0,0.0,1.0,1.0,0.0,0.0,0.0,0.0,100.0,0.0,1.0,1.0
225_puma8NH,LR,10,6.0,0.0,0.0,0.0,0.0,100.0,0.0,1.0,1.0,0.0,0.0,0.0,0.0,100.0,0.0,1.0,1.0
225_puma8NH,LR,20,6.0,0.0,0.0,0.0,0.0,100.0,0.0,1.0,1.0,0.0,0.0,0.0,0.0,100.0,0.0,1.0,1.0
225_puma8NH,RF,1,6.0,0.0,0.0,0.0,0.0,100.0,0.0,1.0,1.0,0.0,0.0,0.0,0.0,100.0,0.0,1.0,1.0
225_puma8NH,RF,5,6.0,0.0,0.0,0.0,0.0,100.0,0.0,1.0,1.0,0.0,0.0,0.0,0.0,100.0,0.0,1.0,1.0
225_puma8NH,RF,10,6.0,0.0,0.0,0.0,0.0,100.0,0.0,1.0,1.0,0.0,0.0,0.0,0.0,100.0,0.0,1.0,1.0
225_puma8NH,RF,20,6.0,0.0,0.0,0.0,0.0,100.0,0.0,1.0,1.0,0.0,0.0,0.0,0.0,100.0,0.0,1.0,1.0
225_puma8NH,SVR,1,6.0,0.0,0.0,0.0,0.0,100.0,0.0,1.0,1.0,0.0,0.0,0.0,0.0,100.0,0.0,1.0,1.0
225_puma8NH,SVR,5,6.0,0.0,0.0,0.0,0.0,100.0,0.0,1.0,1.0,0.0,0.0,0.0,0.0,100.0,0.0,1.0,1.0
225_puma8NH,SVR,10,6.0,0.0,0.0,0.0,0.0,100.0,0.0,1.0,1.0,0.0,0.0,0.0,0.0,100.0,0.0,1.0,1.0
225_puma8NH,SVR,20,6.0,0.0,0.0,0.0,0.0,100.0,0.0,1.0,1.0,0.0,0.0,0.0,0.0,100.0,0.0,1.0,1.0
227_cpu_small,DT,1,6.0,0.0,0.0,0.0,0.0,100.0,0.0,1.0,1.0,0.0,0.0,0.0,0.0,100.0,0.0,1.0,1.0
227_cpu_small,DT,5,6.0,0.0,0.0,0.0,0.0,100.0,0.0,1.0,1.0,0.0,0.0,0.0,0.0,100.0,0.0,1.0,1.0
227_cpu_small,DT,10,6.0,0.0,0.0,0.0,0.0,100.0,0.0,1.0,1.0,0.0,0.0,0.0,0.0,100.0,0.0,1.0,1.0
227_cpu_small,DT,20,6.0,0.0,0.0,0.0,0.0,100.0,0.0,1.0,1.0,0.0,0.0,0.0,0.0,100.0,0.0,1.0,1.0
227_cpu_small,KNN,1,6.0,0.0,0.0,0.0,0.0,100.0,0.0,1.0,1.0,0.0,0.0,0.0,0.0,100.0,0.0,1.0,1.0
227_cpu_small,KNN,5,6.0,0.0,0.0,0.0,0.0,100.0,0.0,1.0,1.0,0.0,0.0,0.0,0.0,100.0,0.0,1.0,1.0
227_cpu_small,KNN,10,6.0,3.250845968860716e-06,0.0,3.458157163110385e-05,16.666666666666664,50.0,33.33333333333333,1.0,1.0,0.0009253223730810046,0.0,0.01085665741690047,16.666666666666664,50.0,33.33333333333333,1.0,1.0
227_cpu_small,KNN,20,6.0,-2.8300794546742836e-07,0.0,6.932250595486069e-07,0.0,83.33333333333334,16.666666666666664,1.0,1.0,-0.0002516179031292485,0.0,0.0006163354728157056,0.0,83.33333333333334,16.666666666666664,1.0,1.0
227_cpu_small,LR,1,6.0,0.0,0.0,0.0,0.0,100.0,0.0,1.0,1.0,0.0,0.0,0.0,0.0,100.0,0.0,1.0,1.0
227_cpu_small,LR,5,6.0,0.0,0.0,0.0,0.0,100.0,0.0,1.0,1.0,0.0,0.0,0.0,0.0,100.0,0.0,1.0,1.0
227_cpu_small,LR,10,6.0,0.0,0.0,0.0,0.0,100.0,0.0,1.0,1.0,0.0,0.0,0.0,0.0,100.0,0.0,1.0,1.0
227_cpu_small,LR,20,6.0,0.0,0.0,0.0,0.0,100.0,0.0,1.0,1.0,0.0,0.0,0.0,0.0,100.0,0.0,1.0,1.0
227_cpu_small,RF,1,6.0,0.0,0.0,0.0,0.0,100.0,0.0,1.0,1.0,0.0,0.0,0.0,0.0,100.0,0.0,1.0,1.0
227_cpu_small,RF,5,6.0,0.0,0.0,0.0,0.0,100.0,0.0,1.0,1.0,0.0,0.0,0.0,0.0,100.0,0.0,1.0,1.0
227_cpu_small,RF,10,6.0,0.0,0.0,0.0,0.0,100.0,0.0,1.0,1.0,0.0,0.0,0.0,0.0,100.0,0.0,1.0,1.0
227_cpu_small,RF,20,6.0,0.0,0.0,0.0,0.0,100.0,0.0,1.0,1.0,0.0,0.0,0.0,0.0,100.0,0.0,1.0,1.0
227_cpu_small,SVR,1,6.0,0.0,0.0,0.0,0.0,100.0,0.0,1.0,1.0,0.0,0.0,0.0,0.0,100.0,0.0,1.0,1.0
227_cpu_small,SVR,5,6.0,0.0,0.0,0.0,0.0,100.0,0.0,1.0,1.0,0.0,0.0,0.0,0.0,100.0,0.0,1.0,1.0
227_cpu_small,SVR,10,6.0,0.0,0.0,0.0,0.0,100.0,0.0,1.0,1.0,0.0,0.0,0.0,0.0,100.0,0.0,1.0,1.0
227_cpu_small,SVR,20,6.0,0.0,0.0,0.0,0.0,100.0,0.0,1.0,1.0,0.0,0.0,0.0,0.0,100.0,0.0,1.0,1.0
294_satellite_image,DT,1,6.0,0.0,0.0,0.0,0.0,100.0,0.0,1.0,1.0,0.0,0.0,0.0,0.0,100.0,0.0,1.0,1.0
294_satellite_image,DT,5,6.0,0.0,0.0,0.0,0.0,100.0,0.0,1.0,1.0,0.0,0.0,0.0,0.0,100.0,0.0,1.0,1.0
294_satellite_image,DT,10,6.0,0.03012992377706888,0.03836631532295579,0.024966419226074604,66.66666666666666,33.33333333333333,0.0,0.125,1.0,1.7070893863224217,2.2198886999103484,1.3854315733255502,66.66666666666666,33.33333333333333,0.0,0.125,1.0
294_satellite_image,DT,20,6.0,0.009474498650984566,0.0,0.023207687263599754,16.666666666666664,83.33333333333334,0.0,1.0,1.0,0.501292859187482,0.0,1.2279117167101892,16.666666666666664,83.33333333333334,0.0,1.0,1.0
294_satellite_image,KNN,1,6.0,0.0,0.0,0.0,0.0,100.0,0.0,1.0,1.0,0.0,0.0,0.0,0.0,100.0,0.0,1.0,1.0
294_satellite_image,KNN,5,6.0,-0.0006634499936846727,-0.0005723271534490426,0.002397871873139969,33.33333333333333,0.0,66.66666666666666,0.5625,1.0,-0.06198852742626735,-0.051717407840303355,0.2149398306416414,33.33333333333333,0.0,66.66666666666666,0.5625,1.0
294_satellite_image,KNN,10,6.0,-0.006594579264224992,-0.0029596675434427067,0.011150615328864128,33.33333333333333,0.0,66.66666666666666,0.4375,1.0,-0.6632665870846522,-0.28483911790749317,1.1021569017494353,33.33333333333333,0.0,66.66666666666666,0.21875,1.0
294_satellite_image,KNN,20,6.0,-0.002341322752606826,2.8200197426275775e-05,0.005818867637567573,66.66666666666666,0.0,33.33333333333333,1.0,1.0,-0.24129564337968767,0.002969968802342327,0.5993589400439122,66.66666666666666,0.0,33.33333333333333,1.0,1.0
294_satellite_image,LR,1,6.0,0.0,0.0,0.0,0.0,100.0,0.0,1.0,1.0,0.0,0.0,0.0,0.0,100.0,0.0,1.0,1.0
294_satellite_image,LR,5,6.0,0.0,0.0,0.0,0.0,100.0,0.0,1.0,1.0,0.0,0.0,0.0,0.0,100.0,0.0,1.0,1.0
294_satellite_image,LR,10,6.0,0.001037349764446906,0.0005703941855619843,0.0012384413851651687,66.66666666666666,33.33333333333333,0.0,0.125,1.0,0.10735559073964929,0.05782799828911729,0.13065485946903704,66.66666666666666,33.33333333333333,0.0,0.125,1.0
294_satellite_image,LR,20,6.0,0.00020629575497429128,0.0,0.0005053193357892383,16.666666666666664,83.33333333333334,0.0,1.0,1.0,0.021667629684556388,0.0,0.05307463666274518,16.666666666666664,83.33333333333334,0.0,1.0,1.0
294_satellite_image,RF,1,6.0,0.0,0.0,0.0,0.0,100.0,0.0,1.0,1.0,0.0,0.0,0.0,0.0,100.0,0.0,1.0,1.0
294_satellite_image,RF,5,6.0,0.0,0.0,0.0,0.0,100.0,0.0,1.0,1.0,0.0,0.0,0.0,0.0,100.0,0.0,1.0,1.0
294_satellite_image,RF,10,6.0,-0.0003788838359544411,0.0,0.012452510619029572,33.33333333333333,33.33333333333333,33.33333333333333,1.0,1.0,-0.05530258263238206,0.0,1.108973447517544,33.33333333333333,33.33333333333333,33.33333333333333,1.0,1.0
294_satellite_image,RF,20,6.0,0.00039569256980701944,0.0,0.0009692448910378109,16.666666666666664,83.33333333333334,0.0,1.0,1.0,0.04154102097710339,0.0,0.1017543047881556,16.666666666666664,83.33333333333334,0.0,1.0,1.0
294_satellite_image,SVR,1,6.0,0.0,0.0,0.0,0.0,100.0,0.0,1.0,1.0,0.0,0.0,0.0,0.0,100.0,0.0,1.0,1.0
294_satellite_image,SVR,5,6.0,0.0,0.0,0.0,0.0,100.0,0.0,1.0,1.0,0.0,0.0,0.0,0.0,100.0,0.0,1.0,1.0
294_satellite_image,SVR,10,6.0,0.0012318437937161402,0.0004112604004665177,0.001835718132871487,50.0,33.33333333333333,16.666666666666664,0.25,1.0,0.12328511058351627,0.04097155849566043,0.18434922896779224,50.0,33.33333333333333,16.666666666666664,0.25,1.0
294_satellite_image,SVR,20,6.0,0.00018497889798041456,0.0,0.00045310391323436145,16.666666666666664,83.33333333333334,0.0,1.0,1.0,0.019106438547716466,0.0,0.046801025243748594,16.666666666666664,83.33333333333334,0.0,1.0,1.0
503_wind,DT,1,6.0,0.0,0.0,0.0,0.0,100.0,0.0,1.0,1.0,0.0,0.0,0.0,0.0,100.0,0.0,1.0,1.0
503_wind,DT,5,6.0,0.0,0.0,0.0,0.0,100.0,0.0,1.0,1.0,0.0,0.0,0.0,0.0,100.0,0.0,1.0,1.0
503_wind,DT,10,6.0,0.0,0.0,0.0,0.0,100.0,0.0,1.0,1.0,0.0,0.0,0.0,0.0,100.0,0.0,1.0,1.0
503_wind,DT,20,6.0,0.0,0.0,0.0,0.0,100.0,0.0,1.0,1.0,0.0,0.0,0.0,0.0,100.0,0.0,1.0,1.0
503_wind,KNN,1,6.0,0.0,0.0,0.0,0.0,100.0,0.0,1.0,1.0,0.0,0.0,0.0,0.0,100.0,0.0,1.0,1.0
503_wind,KNN,5,6.0,0.0,0.0,0.0,0.0,100.0,0.0,1.0,1.0,0.0,0.0,0.0,0.0,100.0,0.0,1.0,1.0
503_wind,KNN,10,6.0,-5.3239499892147414e-05,-9.630271082416986e-05,0.000490976989595777,50.0,0.0,50.0,0.84375,1.0,-0.007529766750563598,-0.012411204965197088,0.06641289345062326,50.0,0.0,50.0,0.6875,1.0
503_wind,KNN,20,6.0,0.0,0.0,0.0,0.0,100.0,0.0,1.0,1.0,0.0,0.0,0.0,0.0,100.0,0.0,1.0,1.0
503_wind,LR,1,6.0,0.0,0.0,0.0,0.0,100.0,0.0,1.0,1.0,0.0,0.0,0.0,0.0,100.0,0.0,1.0,1.0
503_wind,LR,5,6.0,0.0,0.0,0.0,0.0,100.0,0.0,1.0,1.0,0.0,0.0,0.0,0.0,100.0,0.0,1.0,1.0
503_wind,LR,10,6.0,0.0,0.0,0.0,0.0,100.0,0.0,1.0,1.0,0.0,0.0,0.0,0.0,100.0,0.0,1.0,1.0
503_wind,LR,20,6.0,0.0,0.0,0.0,0.0,100.0,0.0,1.0,1.0,0.0,0.0,0.0,0.0,100.0,0.0,1.0,1.0
503_wind,RF,1,6.0,0.0,0.0,0.0,0.0,100.0,0.0,1.0,1.0,0.0,0.0,0.0,0.0,100.0,0.0,1.0,1.0
503_wind,RF,5,6.0,0.0,0.0,0.0,0.0,100.0,0.0,1.0,1.0,0.0,0.0,0.0,0.0,100.0,0.0,1.0,1.0
503_wind,RF,10,6.0,0.0,0.0,0.0,0.0,100.0,0.0,1.0,1.0,0.0,0.0,0.0,0.0,100.0,0.0,1.0,1.0
503_wind,RF,20,6.0,0.0,0.0,0.0,0.0,100.0,0.0,1.0,1.0,0.0,0.0,0.0,0.0,100.0,0.0,1.0,1.0
503_wind,SVR,1,6.0,0.0,0.0,0.0,0.0,100.0,0.0,1.0,1.0,0.0,0.0,0.0,0.0,100.0,0.0,1.0,1.0
503_wind,SVR,5,6.0,0.0,0.0,0.0,0.0,100.0,0.0,1.0,1.0,0.0,0.0,0.0,0.0,100.0,0.0,1.0,1.0
503_wind,SVR,10,6.0,0.0,0.0,0.0,0.0,100.0,0.0,1.0,1.0,0.0,0.0,0.0,0.0,100.0,0.0,1.0,1.0
503_wind,SVR,20,6.0,0.0,0.0,0.0,0.0,100.0,0.0,1.0,1.0,0.0,0.0,0.0,0.0,100.0,0.0,1.0,1.0
505_tecator,DT,1,6.0,0.0,0.0,0.0,0.0,100.0,0.0,1.0,1.0,0.0,0.0,0.0,0.0,100.0,0.0,1.0,1.0
505_tecator,DT,5,6.0,0.0,0.0,0.0,0.0,100.0,0.0,1.0,1.0,0.0,0.0,0.0,0.0,100.0,0.0,1.0,1.0
505_tecator,DT,10,6.0,-8.690089188430802e-07,0.0,2.128628433093224e-06,0.0,83.33333333333334,16.666666666666664,1.0,1.0,-0.0038712192660577283,0.0,0.009482511884273029,0.0,83.33333333333334,16.666666666666664,1.0,1.0
505_tecator,DT,20,6.0,0.0,0.0,0.0,0.0,100.0,0.0,1.0,1.0,0.0,0.0,0.0,0.0,100.0,0.0,1.0,1.0
505_tecator,KNN,1,6.0,-1.9396313147290734e-06,0.0,4.751107010209915e-06,0.0,83.33333333333334,16.666666666666664,1.0,1.0,-0.00847875091358543,0.0,0.020768613394441013,0.0,83.33333333333334,16.666666666666664,1.0,1.0
505_tecator,KNN,5,6.0,0.0,0.0,0.0,0.0,100.0,0.0,1.0,1.0,0.0,0.0,0.0,0.0,100.0,0.0,1.0,1.0
505_tecator,KNN,10,6.0,-4.158717142836258e-05,0.0,0.0001018673498451398,0.0,83.33333333333334,16.666666666666664,1.0,1.0,-0.05469335878996102,0.0,0.1339708213543697,0.0,83.33333333333334,16.666666666666664,1.0,1.0
505_tecator,KNN,20,6.0,0.0,0.0,0.0,0.0,100.0,0.0,1.0,1.0,0.0,0.0,0.0,0.0,100.0,0.0,1.0,1.0
505_tecator,LR,1,6.0,0.0,0.0,0.0,0.0,100.0,0.0,1.0,1.0,0.0,0.0,0.0,0.0,100.0,0.0,1.0,1.0
505_tecator,LR,5,6.0,0.0,0.0,0.0,0.0,100.0,0.0,1.0,1.0,0.0,0.0,0.0,0.0,100.0,0.0,1.0,1.0
505_tecator,LR,10,6.0,-6.357422861898628e-05,0.0,0.00015572442090755966,0.0,83.33333333333334,16.666666666666664,1.0,1.0,-0.30049608963364793,0.0,0.736062089304075,0.0,83.33333333333334,16.666666666666664,1.0,1.0
505_tecator,LR,20,6.0,0.0,0.0,0.0,0.0,100.0,0.0,1.0,1.0,0.0,0.0,0.0,0.0,100.0,0.0,1.0,1.0
505_tecator,RF,1,6.0,0.0,0.0,0.0,0.0,100.0,0.0,1.0,1.0,0.0,0.0,0.0,0.0,100.0,0.0,1.0,1.0
505_tecator,RF,5,6.0,0.0,0.0,0.0,0.0,100.0,0.0,1.0,1.0,0.0,0.0,0.0,0.0,100.0,0.0,1.0,1.0
505_tecator,RF,10,6.0,7.59583582428854e-06,0.0,1.8605921939459785e-05,16.666666666666664,83.33333333333334,0.0,1.0,1.0,0.04962230695172801,0.0,0.12154933189149615,16.666666666666664,83.33333333333334,0.0,1.0,1.0
505_tecator,RF,20,6.0,0.0,0.0,0.0,0.0,100.0,0.0,1.0,1.0,0.0,0.0,0.0,0.0,100.0,0.0,1.0,1.0
505_tecator,SVR,1,6.0,0.0,0.0,0.0,0.0,100.0,0.0,1.0,1.0,0.0,0.0,0.0,0.0,100.0,0.0,1.0,1.0
505_tecator,SVR,5,6.0,0.0,0.0,0.0,0.0,100.0,0.0,1.0,1.0,0.0,0.0,0.0,0.0,100.0,0.0,1.0,1.0
505_tecator,SVR,10,6.0,9.22992373519893e-06,0.0,2.260860351604078e-05,16.666666666666664,83.33333333333334,0.0,1.0,1.0,0.05426124654006117,0.0,0.13291236683050903,16.666666666666664,83.33333333333334,0.0,1.0,1.0
505_tecator,SVR,20,6.0,0.0,0.0,0.0,0.0,100.0,0.0,1.0,1.0,0.0,0.0,0.0,0.0,100.0,0.0,1.0,1.0
529_pollen,DT,1,6.0,0.0,0.0,0.0,0.0,100.0,0.0,1.0,1.0,0.0,0.0,0.0,0.0,100.0,0.0,1.0,1.0
529_pollen,DT,5,6.0,0.0,0.0,0.0,0.0,100.0,0.0,1.0,1.0,0.0,0.0,0.0,0.0,100.0,0.0,1.0,1.0
529_pollen,DT,10,6.0,0.0,0.0,0.0,0.0,100.0,0.0,1.0,1.0,0.0,0.0,0.0,0.0,100.0,0.0,1.0,1.0
529_pollen,DT,20,6.0,0.0,0.0,0.0,0.0,100.0,0.0,1.0,1.0,0.0,0.0,0.0,0.0,100.0,0.0,1.0,1.0
529_pollen,KNN,1,6.0,0.0,0.0,0.0,0.0,100.0,0.0,1.0,1.0,0.0,0.0,0.0,0.0,100.0,0.0,1.0,1.0
529_pollen,KNN,5,6.0,0.0,0.0,0.0,0.0,100.0,0.0,1.0,1.0,0.0,0.0,0.0,0.0,100.0,0.0,1.0,1.0
529_pollen,KNN,10,6.0,0.0,0.0,0.0,0.0,100.0,0.0,1.0,1.0,0.0,0.0,0.0,0.0,100.0,0.0,1.0,1.0
529_pollen,KNN,20,6.0,0.0,0.0,0.0,0.0,100.0,0.0,1.0,1.0,0.0,0.0,0.0,0.0,100.0,0.0,1.0,1.0
529_pollen,LR,1,6.0,0.0,0.0,0.0,0.0,100.0,0.0,1.0,1.0,0.0,0.0,0.0,0.0,100.0,0.0,1.0,1.0
529_pollen,LR,5,6.0,0.0,0.0,0.0,0.0,100.0,0.0,1.0,1.0,0.0,0.0,0.0,0.0,100.0,0.0,1.0,1.0
529_pollen,LR,10,6.0,0.0,0.0,0.0,0.0,100.0,0.0,1.0,1.0,0.0,0.0,0.0,0.0,100.0,0.0,1.0,1.0
529_pollen,LR,20,6.0,0.0,0.0,0.0,0.0,100.0,0.0,1.0,1.0,0.0,0.0,0.0,0.0,100.0,0.0,1.0,1.0
529_pollen,RF,1,6.0,0.0,0.0,0.0,0.0,100.0,0.0,1.0,1.0,0.0,0.0,0.0,0.0,100.0,0.0,1.0,1.0
529_pollen,RF,5,6.0,0.0,0.0,0.0,0.0,100.0,0.0,1.0,1.0,0.0,0.0,0.0,0.0,100.0,0.0,1.0,1.0
529_pollen,RF,10,6.0,0.0,0.0,0.0,0.0,100.0,0.0,1.0,1.0,0.0,0.0,0.0,0.0,100.0,0.0,1.0,1.0
529_pollen,RF,20,6.0,0.0,0.0,0.0,0.0,100.0,0.0,1.0,1.0,0.0,0.0,0.0,0.0,100.0,0.0,1.0,1.0
529_pollen,SVR,1,6.0,0.0,0.0,0.0,0.0,100.0,0.0,1.0,1.0,0.0,0.0,0.0,0.0,100.0,0.0,1.0,1.0
529_pollen,SVR,5,6.0,0.0,0.0,0.0,0.0,100.0,0.0,1.0,1.0,0.0,0.0,0.0,0.0,100.0,0.0,1.0,1.0
529_pollen,SVR,10,6.0,0.0,0.0,0.0,0.0,100.0,0.0,1.0,1.0,0.0,0.0,0.0,0.0,100.0,0.0,1.0,1.0
529_pollen,SVR,20,6.0,0.0,0.0,0.0,0.0,100.0,0.0,1.0,1.0,0.0,0.0,0.0,0.0,100.0,0.0,1.0,1.0
537_houses,DT,1,6.0,0.0,0.0,0.0,0.0,100.0,0.0,1.0,1.0,0.0,0.0,0.0,0.0,100.0,0.0,1.0,1.0
537_houses,DT,5,6.0,0.0,0.0,0.0,0.0,100.0,0.0,1.0,1.0,0.0,0.0,0.0,0.0,100.0,0.0,1.0,1.0
537_houses,DT,10,6.0,0.0,0.0,0.0,0.0,100.0,0.0,1.0,1.0,0.0,0.0,0.0,0.0,100.0,0.0,1.0,1.0
537_houses,DT,20,6.0,0.0,0.0,0.0,0.0,100.0,0.0,1.0,1.0,0.0,0.0,0.0,0.0,100.0,0.0,1.0,1.0
537_houses,KNN,1,6.0,0.0,0.0,0.0,0.0,100.0,0.0,1.0,1.0,0.0,0.0,0.0,0.0,100.0,0.0,1.0,1.0
537_houses,KNN,5,6.0,0.0,0.0,0.0,0.0,100.0,0.0,1.0,1.0,0.0,0.0,0.0,0.0,100.0,0.0,1.0,1.0
537_houses,KNN,10,6.0,0.0,0.0,0.0,0.0,100.0,0.0,1.0,1.0,0.0,0.0,0.0,0.0,100.0,0.0,1.0,1.0
537_houses,KNN,20,6.0,-2.7922435473448637e-05,2.084755063025412e-06,8.693869228355794e-05,50.0,16.666666666666664,33.33333333333333,0.8125,1.0,-0.002985137948937405,0.0002218212550274001,0.009165788580177836,50.0,16.666666666666664,33.33333333333333,0.8125,1.0
537_houses,LR,1,6.0,0.0,0.0,0.0,0.0,100.0,0.0,1.0,1.0,0.0,0.0,0.0,0.0,100.0,0.0,1.0,1.0
537_houses,LR,5,6.0,0.0,0.0,0.0,0.0,100.0,0.0,1.0,1.0,0.0,0.0,0.0,0.0,100.0,0.0,1.0,1.0
537_houses,LR,10,6.0,0.0,0.0,0.0,0.0,100.0,0.0,1.0,1.0,0.0,0.0,0.0,0.0,100.0,0.0,1.0,1.0
537_houses,LR,20,6.0,0.0,0.0,0.0,0.0,100.0,0.0,1.0,1.0,0.0,0.0,0.0,0.0,100.0,0.0,1.0,1.0
537_houses,RF,1,6.0,0.0,0.0,0.0,0.0,100.0,0.0,1.0,1.0,0.0,0.0,0.0,0.0,100.0,0.0,1.0,1.0
537_houses,RF,5,6.0,0.0,0.0,0.0,0.0,100.0,0.0,1.0,1.0,0.0,0.0,0.0,0.0,100.0,0.0,1.0,1.0
537_houses,RF,10,6.0,0.0,0.0,0.0,0.0,100.0,0.0,1.0,1.0,0.0,0.0,0.0,0.0,100.0,0.0,1.0,1.0
537_houses,RF,20,6.0,0.0,0.0,0.0,0.0,100.0,0.0,1.0,1.0,0.0,0.0,0.0,0.0,100.0,0.0,1.0,1.0
537_houses,SVR,1,6.0,0.0,0.0,0.0,0.0,100.0,0.0,1.0,1.0,0.0,0.0,0.0,0.0,100.0,0.0,1.0,1.0
537_houses,SVR,5,6.0,0.0,0.0,0.0,0.0,100.0,0.0,1.0,1.0,0.0,0.0,0.0,0.0,100.0,0.0,1.0,1.0
537_houses,SVR,10,6.0,0.0,0.0,0.0,0.0,100.0,0.0,1.0,1.0,0.0,0.0,0.0,0.0,100.0,0.0,1.0,1.0
537_houses,SVR,20,6.0,0.0,0.0,0.0,0.0,100.0,0.0,1.0,1.0,0.0,0.0,0.0,0.0,100.0,0.0,1.0,1.0
542_pollution,DT,1,6.0,0.0,0.0,0.0,0.0,100.0,0.0,1.0,1.0,0.0,0.0,0.0,0.0,100.0,0.0,1.0,1.0
542_pollution,DT,5,6.0,0.0,0.0,0.0,0.0,100.0,0.0,1.0,1.0,0.0,0.0,0.0,0.0,100.0,0.0,1.0,1.0
542_pollution,DT,10,6.0,0.0670673734425689,0.0384945220487474,0.2931780926705338,50.0,33.33333333333333,16.666666666666664,0.875,1.0,5.551961992744051,1.9866519353333063,12.479871771397974,50.0,33.33333333333333,16.666666666666664,0.375,1.0
542_pollution,DT,20,6.0,-0.017508511186878562,0.0,0.32613782495524113,16.666666666666664,66.66666666666666,16.666666666666664,1.0,1.0,0.8877246941020953,0.0,16.430049112456928,16.666666666666664,66.66666666666666,16.666666666666664,1.0,1.0
542_pollution,KNN,1,6.0,0.0,0.0,0.0,0.0,100.0,0.0,1.0,1.0,0.0,0.0,0.0,0.0,100.0,0.0,1.0,1.0
542_pollution,KNN,5,6.0,0.0,0.0,0.0,0.0,100.0,0.0,1.0,1.0,0.0,0.0,0.0,0.0,100.0,0.0,1.0,1.0
542_pollution,KNN,10,6.0,0.08859578508745831,0.013199949860233762,0.14867941722533934,50.0,33.33333333333333,16.666666666666664,0.25,1.0,7.560200508675696,0.9326945054149499,11.86120120988293,50.0,33.33333333333333,16.666666666666664,0.25,1.0
542_pollution,KNN,20,6.0,0.17166722463448406,0.0,0.27283099366330144,33.33333333333333,66.66666666666666,0.0,0.5,1.0,10.342701467446323,0.0,16.598800479496486,33.33333333333333,66.66666666666666,0.0,0.5,1.0
542_pollution,LR,1,6.0,0.0,0.0,0.0,0.0,100.0,0.0,1.0,1.0,0.0,0.0,0.0,0.0,100.0,0.0,1.0,1.0
542_pollution,LR,5,6.0,0.0,0.0,0.0,0.0,100.0,0.0,1.0,1.0,0.0,0.0,0.0,0.0,100.0,0.0,1.0,1.0
542_pollution,LR,10,6.0,0.18155650118362954,0.18720202074750658,0.17455417078759364,66.66666666666666,33.33333333333333,0.0,0.125,1.0,13.244890015101541,13.754367897411978,11.957318908091237,66.66666666666666,33.33333333333333,0.0,0.125,1.0
542_pollution,LR,20,6.0,0.6181095394133884,0.0,1.4424044886806089,33.33333333333333,66.66666666666666,0.0,0.5,1.0,13.4556556035771,0.0,28.43930839751118,33.33333333333333,66.66666666666666,0.0,0.5,1.0
542_pollution,RF,1,6.0,0.0,0.0,0.0,0.0,100.0,0.0,1.0,1.0,0.0,0.0,0.0,0.0,100.0,0.0,1.0,1.0
542_pollution,RF,5,6.0,0.0,0.0,0.0,0.0,100.0,0.0,1.0,1.0,0.0,0.0,0.0,0.0,100.0,0.0,1.0,1.0
542_pollution,RF,10,6.0,0.14829146086261652,0.0706734250590079,0.18791040232684791,66.66666666666666,33.33333333333333,0.0,0.125,1.0,10.374456033273995,3.973669798302942,13.328778179541327,66.66666666666666,33.33333333333333,0.0,0.125,1.0
542_pollution,RF,20,6.0,0.06866029303569489,0.0,0.20443267649756014,16.666666666666664,66.66666666666666,16.666666666666664,1.0,1.0,4.825592457227455,0.0,14.299417209717003,16.666666666666664,66.66666666666666,16.666666666666664,1.0,1.0
542_pollution,SVR,1,6.0,0.0,0.0,0.0,0.0,100.0,0.0,1.0,1.0,0.0,0.0,0.0,0.0,100.0,0.0,1.0,1.0
542_pollution,SVR,5,6.0,0.0,0.0,0.0,0.0,100.0,0.0,1.0,1.0,0.0,0.0,0.0,0.0,100.0,0.0,1.0,1.0
542_pollution,SVR,10,6.0,0.1679787016459364,0.18211378199973727,0.1522999879697868,66.66666666666666,33.33333333333333,0.0,0.125,1.0,12.777153386857194,14.21912727860361,11.091899123515052,66.66666666666666,33.33333333333333,0.0,0.125,1.0
542_pollution,SVR,20,6.0,0.30086036525856746,0.0,0.7333132416932712,33.33333333333333,66.66666666666666,0.0,0.5,1.0,10.279898573061383,0.0,24.902990726660295,33.33333333333333,66.66666666666666,0.0,0.5,1.0
560_bodyfat,DT,1,6.0,0.0,0.0,0.0,0.0,100.0,0.0,1.0,1.0,0.0,0.0,0.0,0.0,100.0,0.0,1.0,1.0
560_bodyfat,DT,5,6.0,0.0,0.0,0.0,0.0,100.0,0.0,1.0,1.0,0.0,0.0,0.0,0.0,100.0,0.0,1.0,1.0
560_bodyfat,DT,10,6.0,0.0,0.0,0.0,0.0,100.0,0.0,1.0,1.0,0.0,0.0,0.0,0.0,100.0,0.0,1.0,1.0
560_bodyfat,DT,20,6.0,0.0,0.0,0.0,0.0,100.0,0.0,1.0,1.0,0.0,0.0,0.0,0.0,100.0,0.0,1.0,1.0
560_bodyfat,KNN,1,6.0,0.0,0.0,0.0,0.0,100.0,0.0,1.0,1.0,0.0,0.0,0.0,0.0,100.0,0.0,1.0,1.0
560_bodyfat,KNN,5,6.0,0.0,0.0,0.0,0.0,100.0,0.0,1.0,1.0,0.0,0.0,0.0,0.0,100.0,0.0,1.0,1.0
560_bodyfat,KNN,10,6.0,0.0,0.0,0.0,0.0,100.0,0.0,1.0,1.0,0.0,0.0,0.0,0.0,100.0,0.0,1.0,1.0
560_bodyfat,KNN,20,6.0,0.0,0.0,0.0,0.0,100.0,0.0,1.0,1.0,0.0,0.0,0.0,0.0,100.0,0.0,1.0,1.0
560_bodyfat,LR,1,6.0,0.0,0.0,0.0,0.0,100.0,0.0,1.0,1.0,0.0,0.0,0.0,0.0,100.0,0.0,1.0,1.0
560_bodyfat,LR,5,6.0,0.0,0.0,0.0,0.0,100.0,0.0,1.0,1.0,0.0,0.0,0.0,0.0,100.0,0.0,1.0,1.0
560_bodyfat,LR,10,6.0,0.0,0.0,0.0,0.0,100.0,0.0,1.0,1.0,0.0,0.0,0.0,0.0,100.0,0.0,1.0,1.0
560_bodyfat,LR,20,6.0,0.0,0.0,0.0,0.0,100.0,0.0,1.0,1.0,0.0,0.0,0.0,0.0,100.0,0.0,1.0,1.0
560_bodyfat,RF,1,6.0,0.0,0.0,0.0,0.0,100.0,0.0,1.0,1.0,0.0,0.0,0.0,0.0,100.0,0.0,1.0,1.0
560_bodyfat,RF,5,6.0,0.0,0.0,0.0,0.0,100.0,0.0,1.0,1.0,0.0,0.0,0.0,0.0,100.0,0.0,1.0,1.0
560_bodyfat,RF,10,6.0,0.0,0.0,0.0,0.0,100.0,0.0,1.0,1.0,0.0,0.0,0.0,0.0,100.0,0.0,1.0,1.0
560_bodyfat,RF,20,6.0,0.0,0.0,0.0,0.0,100.0,0.0,1.0,1.0,0.0,0.0,0.0,0.0,100.0,0.0,1.0,1.0
560_bodyfat,SVR,1,6.0,0.0,0.0,0.0,0.0,100.0,0.0,1.0,1.0,0.0,0.0,0.0,0.0,100.0,0.0,1.0,1.0
560_bodyfat,SVR,5,6.0,0.0,0.0,0.0,0.0,100.0,0.0,1.0,1.0,0.0,0.0,0.0,0.0,100.0,0.0,1.0,1.0
560_bodyfat,SVR,10,6.0,0.0,0.0,0.0,0.0,100.0,0.0,1.0,1.0,0.0,0.0,0.0,0.0,100.0,0.0,1.0,1.0
560_bodyfat,SVR,20,6.0,0.0,0.0,0.0,0.0,100.0,0.0,1.0,1.0,0.0,0.0,0.0,0.0,100.0,0.0,1.0,1.0
564_fried,DT,1,6.0,0.0,0.0,0.0,0.0,100.0,0.0,1.0,1.0,0.0,0.0,0.0,0.0,100.0,0.0,1.0,1.0
564_fried,DT,5,6.0,0.0,0.0,0.0,0.0,100.0,0.0,1.0,1.0,0.0,0.0,0.0,0.0,100.0,0.0,1.0,1.0
564_fried,DT,10,6.0,0.0,0.0,0.0,0.0,100.0,0.0,1.0,1.0,0.0,0.0,0.0,0.0,100.0,0.0,1.0,1.0
564_fried,DT,20,6.0,0.0,0.0,0.0,0.0,100.0,0.0,1.0,1.0,0.0,0.0,0.0,0.0,100.0,0.0,1.0,1.0
564_fried,KNN,1,6.0,0.0,0.0,0.0,0.0,100.0,0.0,1.0,1.0,0.0,0.0,0.0,0.0,100.0,0.0,1.0,1.0
564_fried,KNN,5,6.0,0.0,0.0,0.0,0.0,100.0,0.0,1.0,1.0,0.0,0.0,0.0,0.0,100.0,0.0,1.0,1.0
564_fried,KNN,10,6.0,0.0,0.0,0.0,0.0,100.0,0.0,1.0,1.0,0.0,0.0,0.0,0.0,100.0,0.0,1.0,1.0
564_fried,KNN,20,6.0,0.00015285912155696413,0.00019820457471986241,0.00011603649744798883,83.33333333333334,0.0,16.666666666666664,0.0625,1.0,0.013648140843163896,0.017835861376572337,0.010282244484821092,83.33333333333334,0.0,16.666666666666664,0.0625,1.0
564_fried,LR,1,6.0,0.0,0.0,0.0,0.0,100.0,0.0,1.0,1.0,0.0,0.0,0.0,0.0,100.0,0.0,1.0,1.0
564_fried,LR,5,6.0,0.0,0.0,0.0,0.0,100.0,0.0,1.0,1.0,0.0,0.0,0.0,0.0,100.0,0.0,1.0,1.0
564_fried,LR,10,6.0,0.0,0.0,0.0,0.0,100.0,0.0,1.0,1.0,0.0,0.0,0.0,0.0,100.0,0.0,1.0,1.0
564_fried,LR,20,6.0,0.0,0.0,0.0,0.0,100.0,0.0,1.0,1.0,0.0,0.0,0.0,0.0,100.0,0.0,1.0,1.0
564_fried,RF,1,6.0,0.0,0.0,0.0,0.0,100.0,0.0,1.0,1.0,0.0,0.0,0.0,0.0,100.0,0.0,1.0,1.0
564_fried,RF,5,6.0,0.0,0.0,0.0,0.0,100.0,0.0,1.0,1.0,0.0,0.0,0.0,0.0,100.0,0.0,1.0,1.0
564_fried,RF,10,6.0,0.0,0.0,0.0,0.0,100.0,0.0,1.0,1.0,0.0,0.0,0.0,0.0,100.0,0.0,1.0,1.0
564_fried,RF,20,6.0,0.0,0.0,0.0,0.0,100.0,0.0,1.0,1.0,0.0,0.0,0.0,0.0,100.0,0.0,1.0,1.0
564_fried,SVR,1,6.0,0.0,0.0,0.0,0.0,100.0,0.0,1.0,1.0,0.0,0.0,0.0,0.0,100.0,0.0,1.0,1.0
564_fried,SVR,5,6.0,0.0,0.0,0.0,0.0,100.0,0.0,1.0,1.0,0.0,0.0,0.0,0.0,100.0,0.0,1.0,1.0
564_fried,SVR,10,6.0,0.0,0.0,0.0,0.0,100.0,0.0,1.0,1.0,0.0,0.0,0.0,0.0,100.0,0.0,1.0,1.0
564_fried,SVR,20,6.0,0.0,0.0,0.0,0.0,100.0,0.0,1.0,1.0,0.0,0.0,0.0,0.0,100.0,0.0,1.0,1.0
574_house_16H,DT,1,6.0,-0.03062773237172753,0.0,0.07502231628925489,0.0,83.33333333333334,16.666666666666664,1.0,1.0,-1.0984396825431717,0.0,2.6906167354555093,0.0,83.33333333333334,16.666666666666664,1.0,1.0
574_house_16H,DT,5,6.0,-0.03062773237172753,0.0,0.07502231628925489,0.0,83.33333333333334,16.666666666666664,1.0,1.0,-1.0984396825431717,0.0,2.6906167354555093,0.0,83.33333333333334,16.666666666666664,1.0,1.0
574_house_16H,DT,10,6.0,0.0,0.0,0.0,0.0,100.0,0.0,1.0,1.0,0.0,0.0,0.0,0.0,100.0,0.0,1.0,1.0
574_house_16H,DT,20,6.0,-0.1552072008466746,-0.12121007006472453,0.15840767801714234,0.0,33.33333333333333,66.66666666666666,0.125,1.0,-5.718259708231016,-4.1358164420769326,6.011385386921262,0.0,33.33333333333333,66.66666666666666,0.125,1.0
574_house_16H,KNN,1,6.0,0.0014149200427591502,0.0,0.0034658321315968743,16.666666666666664,83.33333333333334,0.0,1.0,1.0,0.06991297265708495,0.0,0.17125110941101038,16.666666666666664,83.33333333333334,0.0,1.0,1.0
574_house_16H,KNN,5,6.0,0.0014149200427591502,0.0,0.0034658321315968743,16.666666666666664,83.33333333333334,0.0,1.0,1.0,0.06991297265708495,0.0,0.17125110941101038,16.666666666666664,83.33333333333334,0.0,1.0,1.0
574_house_16H,KNN,10,6.0,0.0,0.0,0.0,0.0,100.0,0.0,1.0,1.0,0.0,0.0,0.0,0.0,100.0,0.0,1.0,1.0
574_house_16H,KNN,20,6.0,-0.09237383795246308,-0.10915791790288096,0.07876880493276595,0.0,33.33333333333333,66.66666666666666,0.125,1.0,-5.78550970192111,-6.558482736262743,5.039321864573851,0.0,33.33333333333333,66.66666666666666,0.125,1.0
574_house_16H,LR,1,6.0,0.003223546187608233,0.0,0.007896043321934184,16.666666666666664,83.33333333333334,0.0,1.0,1.0,0.17513000684893965,0.0,0.42897915543002535,16.666666666666664,83.33333333333334,0.0,1.0,1.0
574_house_16H,LR,5,6.0,0.003223546187608233,0.0,0.007896043321934184,16.666666666666664,83.33333333333334,0.0,1.0,1.0,0.17513000684893965,0.0,0.42897915543002535,16.666666666666664,83.33333333333334,0.0,1.0,1.0
574_house_16H,LR,10,6.0,0.0,0.0,0.0,0.0,100.0,0.0,1.0,1.0,0.0,0.0,0.0,0.0,100.0,0.0,1.0,1.0
574_house_16H,LR,20,6.0,-0.020396959568687683,-0.020861040087473137,0.01810036384959836,0.0,33.33333333333333,66.66666666666666,0.125,1.0,-1.256124170313483,-1.26799320059108,1.1207258021882962,0.0,33.33333333333333,66.66666666666666,0.125,1.0
574_house_16H,RF,1,6.0,-0.008564055260031003,0.0,0.020977565516074263,0.0,83.33333333333334,16.666666666666664,1.0,1.0,-0.3778238966554597,0.0,0.92547575943592,0.0,83.33333333333334,16.666666666666664,1.0,1.0
574_house_16H,RF,5,6.0,-0.008564055260031003,0.0,0.020977565516074263,0.0,83.33333333333334,16.666666666666664,1.0,1.0,-0.3778238966554597,0.0,0.92547575943592,0.0,83.33333333333334,16.666666666666664,1.0,1.0
574_house_16H,RF,10,6.0,0.0,0.0,0.0,0.0,100.0,0.0,1.0,1.0,0.0,0.0,0.0,0.0,100.0,0.0,1.0,1.0
574_house_16H,RF,20,6.0,-0.07325258437630026,-0.09300215023343705,0.06060965822498169,0.0,33.33333333333333,66.66666666666666,0.125,1.0,-4.890173615773247,-6.007437183994085,4.110092447578889,0.0,33.33333333333333,66.66666666666666,0.125,1.0
574_house_16H,SVR,1,6.0,-0.0012710804648166168,0.0,0.003113498560820378,0.0,83.33333333333334,16.666666666666664,1.0,1.0,-0.06472254282417787,0.0,0.15853720477466868,0.0,83.33333333333334,16.666666666666664,1.0,1.0
574_house_16H,SVR,5,6.0,-0.0012710804648166168,0.0,0.003113498560820378,0.0,83.33333333333334,16.666666666666664,1.0,1.0,-0.06472254282417787,0.0,0.15853720477466868,0.0,83.33333333333334,16.666666666666664,1.0,1.0
574_house_16H,SVR,10,6.0,0.0,0.0,0.0,0.0,100.0,0.0,1.0,1.0,0.0,0.0,0.0,0.0,100.0,0.0,1.0,1.0
574_house_16H,SVR,20,6.0,-0.023042039482707315,-0.0312754848627285,0.018097213586712697,0.0,33.33333333333333,66.66666666666666,0.125,1.0,-1.315671931079241,-1.7897732118977947,1.0329434853728916,0.0,33.33333333333333,66.66666666666666,0.125,1.0
