alg,imputer,perc-miss,n_datasets,mediana_ds_delta_r2,media_ds_delta_r2,max_ds_delta_r2,pct_pares_empate_r2,p_wilcoxon_ds_r2,mediana_ds_delta_rmse,media_ds_delta_rmse,max_ds_delta_rmse,pct_pares_empate_rmse,p_wilcoxon_ds_rmse,p_holm_ds_r2,p_holm_ds_rmse
DT,KNN,0.05,21,0.00017932015575972127,0.004306846859869241,0.06570049650852576,10.317460317460316,0.05691459258521418,0.1359496266249023,0.09996654858745355,1.1827756550744206,10.317460317460316,0.12585852473931722,1.0,1.0
DT,KNN,0.1,21,7.789564251986514e-06,-0.0004447570511107413,0.00977487072336892,7.936507936507936,0.6332969665527344,0.0007783913812377633,-0.19053329283385287,1.1239493202438993,7.936507936507936,0.9186935424804688,1.0,1.0
DT,KNN,0.2,21,9.189996969085253e-05,-0.00047310690265261394,0.01946910751601705,3.968253968253968,0.9186935424804688,-0.01949359475663878,-0.09198701881491006,3.74103833324232,3.968253968253968,0.7079343795776367,1.0,1.0
DT,KNN,0.3,21,0.0005693280794802358,-0.0009605344613461537,0.015841949372379982,0.0,0.08879852294921875,0.15780470705768324,-0.08526538033926341,1.1502967284455352,0.0,0.37372493743896484,1.0,1.0
DT,mean,0.05,21,8.795011386408813e-05,0.0017556043149997073,0.01662950399356559,26.190476190476193,0.034669963150986444,0.10750462324081322,0.09429919055806386,0.9136095362706017,26.190476190476193,0.034669963150986444,1.0,1.0
DT,mean,0.1,21,0.0,-0.0017556985510508685,0.0025570122403367757,32.53968253968254,0.831310207979425,0.0,-0.07842367412471131,0.5281907943436006,32.53968253968254,0.831310207979425,1.0,1.0
DT,mean,0.2,21,0.0,0.0001155109188210554,0.010189599041863603,30.158730158730158,0.3957522466577532,0.0,-0.004588583979399624,0.9530960798033056,30.158730158730158,0.28597919066405664,1.0,1.0
DT,mean,0.3,21,0.0,-0.00015651655976049616,0.006148125851645814,26.190476190476193,0.9479148130096964,0.0,0.06116202742718156,0.6881891363160221,26.190476190476193,0.28597919066405664,1.0,1.0
DT,median,0.05,21,0.0,0.0007177864443288902,0.006942853768855131,37.301587301587304,0.17881002646274535,0.0,0.06468279779860936,0.4614578741619851,37.301587301587304,0.09798930270791739,1.0,1.0
DT,median,0.1,21,0.0,0.0024337558824134914,0.054627615651214746,39.682539682539684,0.8647045760375567,0.0,-0.0974821936245909,1.8313873852226952,39.682539682539684,1.0,1.0,1.0
DT,median,0.2,21,0.0,-0.00024110702780647995,0.005809870646254651,26.984126984126984,0.7583123742610346,0.0,0.09106115434203682,0.8504204005523365,26.984126984126984,0.40743445607773554,1.0,1.0
DT,median,0.3,21,0.0,-0.002415391615129485,0.007640026824454101,26.984126984126984,0.981116590883351,0.0,-0.2521292231538236,1.0175972013398438,26.984126984126984,0.33183160809268897,1.0,1.0
KNN,KNN,0.05,21,4.208369975676011e-05,-0.00038289687068234407,0.004641239112638584,7.936507936507936,0.39053287003351767,0.018074730024642455,0.01960081416331843,0.8239391073976433,7.936507936507936,0.2789649507806645,1.0,1.0
KNN,KNN,0.1,21,0.0003620550355025361,-3.723624987480133e-05,0.0047746368808309625,0.7936507936507936,0.22898578643798828,0.051498211270683714,0.14852131584364003,1.3637905468024043,0.7936507936507936,0.1571340560913086,1.0,1.0
KNN,KNN,0.2,21,0.0008620665034550131,0.0014796801704631446,0.008648873562113862,0.0,0.0032787322998046875,0.16846043398601693,0.24552777616344768,1.7367921058636737,0.0,0.002857208251953125,0.19672393798828125,0.1714324951171875
KNN,KNN,0.3,21,-3.457486417131802e-05,-0.0006110747628546353,0.00598391605795498,0.0,0.6091489791870117,-0.016358619189464508,-0.04057383627714871,1.3029119945180139,0.0,0.8116779327392578,1.0,1.0
KNN,mean,0.05,21,-1.7591249042436807e-06,-0.0003067126087096746,0.001333152034566058,11.904761904761903,0.43304828842793475,-0.00031218073090567383,-0.046937286301763664,0.16201275780120528,11.904761904761903,0.3506564539028397,1.0,1.0
KNN,mean,0.1,21,-1.3205943478570663e-06,0.00022138321602526738,0.0037982915861017965,8.73015873015873,0.49480247497558594,0.003066786390550236,0.03619383492228368,0.35033547866951964,8.73015873015873,0.2877340316772461,1.0,1.0
KNN,mean,0.2,21,2.3313732190259156e-05,0.0001605945981909886,0.001926367240703053,7.142857142857142,0.35541629791259766,0.0033427482436357765,0.01964924514050906,0.36584427474794906,7.142857142857142,0.16780662536621094,1.0,1.0
KNN,mean,0.3,21,1.0513180928317656e-05,0.0004724723731510697,0.007271552534769725,6.349206349206349,0.45236778259277344,0.004043574516647236,0.049688710625541595,0.915593342061911,6.349206349206349,0.20291709899902344,1.0,1.0
KNN,median,0.05,21,0.0,0.0003625394833634189,0.005512343384234342,30.158730158730158,0.17881002646274535,0.0,0.06509148664550295,0.8301780440768171,30.158730158730158,0.21460188629190957,1.0,1.0
KNN,median,0.1,21,8.939647529090008e-07,4.572735293426254e-05,0.0014547847927720015,36.507936507936506,0.09953968814740126,0.0,0.04054038006625643,0.4701012731745043,36.507936507936506,0.06914397389751895,1.0,1.0
KNN,median,0.2,21,0.0,-0.0003706563625093838,0.0004693048536606274,26.190476190476193,0.7583123742610346,0.0,-0.044076735291560094,0.040438209097953946,26.190476190476193,0.9057940914405992,1.0,1.0
KNN,median,0.3,21,0.0,0.00042246909692527377,0.009141825971866344,22.22222222222222,0.9057940914405992,0.0,-0.01954199276878125,0.5380595379163359,22.22222222222222,0.7945864126678862,1.0,1.0
LR,KNN,0.05,21,0.0,-0.00047904347087344995,0.010327219329368578,4.761904761904762,0.7089053094753638,0.0,-0.11228455306944228,1.2385308127042252,4.761904761904762,0.7651984444971875,1.0,1.0
LR,KNN,0.1,21,2.1818042353997463e-05,-0.003671622317623581,0.003899140473128911,0.0,0.12807846069335938,0.02233174678484538,0.19818918076900124,2.5537526916628077,0.0,0.012691497802734375,1.0,0.7234153747558594
LR,KNN,0.2,21,2.0082106979069092e-05,0.0005711537986502381,0.014658908072802549,0.0,0.026330947875976562,0.005359630770314556,0.34969686112154197,5.049937875943896,0.0,0.026330947875976562,1.0,1.0
LR,KNN,0.3,21,3.1538152874081384e-06,0.0008102625884286585,0.008710761972191986,0.0,0.3376598358154297,0.003695216808913548,0.4365595828038148,5.832252838599804,0.0,0.08879852294921875,1.0,1.0
LR,mean,0.05,21,-6.383290836834791e-07,0.00032517714636555,0.00941294392129502,0.7936507936507936,0.1906871795654297,-0.000241073141727697,-0.02034148361083133,0.0012927329431990475,0.0,0.02157115936279297,1.0,1.0
LR,mean,0.1,21,9.4931184215404e-07,0.0003175997456284391,0.0036062035302528903,0.0,0.11105823516845703,7.857173077051444e-05,0.0539931726328309,0.5480148934005498,0.0,0.07598018646240234,1.0,1.0
LR,mean,0.2,21,1.1615628707217773e-06,0.00018026882821797722,0.0029299338505046958,0.0,0.004878997802734375,0.00020195248888515833,0.016409140779261755,0.11418666678152901,0.0,0.010125160217285156,0.2878608703613281,0.5872592926025391
LR,mean,0.3,21,1.3673739418518238e-08,0.00011962515190484667,0.002522687083571599,0.0,0.7592878341674805,2.8012711446215914e-06,0.03091881654209569,0.5796152534431854,0.0,0.3038158416748047,1.0,1.0
LR,median,0.05,21,-4.3655035142364795e-10,0.00021474477669129315,0.005898690104658673,25.396825396825395,0.32587002429697964,-7.510285919668567e-08,-0.035561801807125495,0.05100262810994566,25.396825396825395,0.46911315243545415,1.0,1.0
LR,median,0.1,21,0.0,-0.00037647983619252965,0.00836628815766218,32.53968253968254,0.4955208830566151,0.0,0.07827146170049978,1.1948575097468923,32.53968253968254,0.6909447568979337,1.0,1.0
LR,median,0.2,21,1.8838040403516368e-07,0.000651512316785181,0.013044632500194503,26.984126984126984,0.02772031386394524,1.9790977910468808e-05,0.06711236596740092,0.7985838635201042,26.984126984126984,0.03515697309591544,1.0,1.0
LR,median,0.3,21,0.0,4.044301555857847e-05,0.002949108899893013,22.22222222222222,0.6191537066890378,0.0,-0.012654959570970995,0.298283193210166,22.22222222222222,0.7583123742610346,1.0,1.0
RF,KNN,0.05,21,8.171797847243238e-05,0.0005663791552693839,0.006100039485156343,4.761904761904762,0.10045796448967022,0.05044743595850736,0.08786693329770563,0.4400340555814702,4.761904761904762,0.04380372353657391,1.0,1.0
RF,KNN,0.1,21,1.417463130261772e-05,0.0002837974779437151,0.0034520098700361692,1.5873015873015872,0.41198158264160156,0.009168598658151039,0.03418670407137902,0.6308256068131626,1.5873015873015872,0.5167608261108398,1.0,1.0
RF,KNN,0.2,21,6.559417642622763e-06,0.0011348300036159741,0.01824626804112711,0.0,0.9186935424804688,0.0022635119020429696,0.07822517370524455,1.1506723704607271,0.0,0.8116779327392578,1.0,1.0
RF,KNN,0.3,21,8.161025728148363e-06,-0.00036737490770777966,0.008264864245118927,0.0,0.539189338684082,0.029448163216742956,-0.022373176699925064,0.8290436197238499,0.0,0.5620746612548828,1.0,1.0
RF,mean,0.05,21,-8.775238297490754e-07,0.00017377697596560052,0.005124750270387761,9.523809523809524,0.3759797524564171,-0.0026578023485883564,0.027206419902044542,0.7812386096408191,9.523809523809524,0.44450890263539566,1.0,1.0
RF,mean,0.1,21,4.938200780837028e-06,7.794538943712443e-05,0.00142978539742226,10.317460317460316,0.14696407318115234,0.0005039603569259902,0.0057830307725213305,0.20115716750046744,10.317460317460316,0.47333431243896484,1.0,1.0
RF,mean,0.2,21,-1.1276163688160128e-06,-3.777144359404238e-05,8.711613315874149e-05,11.904761904761903,0.3759797524564171,-0.001826630237930567,-0.011277461364407555,0.035476094314576816,11.904761904761903,0.22732992995598733,1.0,1.0
RF,mean,0.3,21,-2.1173097666434457e-06,-0.0001962610275477406,0.0010942123799646357,7.936507936507936,0.35541629791259766,-0.0047115957812785105,-0.023126355516976622,0.2635133497328975,7.936507936507936,0.49480247497558594,1.0,1.0
RF,median,0.05,21,-1.737423584446951e-06,0.0002683839706751685,0.0091956048481693,24.6031746031746,0.12083865311418159,-0.0026691340171146392,0.030981425641768586,1.2911514475674248,24.6031746031746,0.10894087157711466,1.0,1.0
RF,median,0.1,21,0.0,-6.771786404992441e-05,0.0013671188152337514,32.53968253968254,0.3634879469815159,0.0,-0.009217769565090995,0.2096426420971722,32.53968253968254,0.46030155637941883,1.0,1.0
RF,median,0.2,21,-9.214351022375963e-07,3.049799725271794e-05,0.0004224347841680909,25.396825396825395,0.9057940914405992,0.0,-0.0023760183993758307,0.11039876067347738,25.396825396825395,0.7945864126678862,1.0,1.0
RF,median,0.3,21,0.0,1.4560627029990421e-05,0.0005254586382945995,21.428571428571427,0.831310207979425,-0.0035754694969976956,-0.01368099066114552,0.07745311476801442,21.428571428571427,0.24613691576742636,1.0,1.0
SVR,KNN,0.05,21,0.0,0.00014279251615682454,0.0028316384728748756,4.761904761904762,0.7368753708069717,0.0,-0.01884989308319584,0.5884239771772948,4.761904761904762,0.9404809859004396,1.0,1.0
SVR,KNN,0.1,21,0.00020220612224739845,0.0012848909787546747,0.011470250567495304,0.0,0.02157115936279297,0.0252029019622884,0.2339486421382418,1.7107210812639908,0.0,0.005541801452636719,1.0,0.3269662857055664
SVR,KNN,0.2,21,5.987717766828271e-05,0.001694624850197165,0.015523581946104018,0.0,0.08879852294921875,0.0053073430771942605,0.3805345157837353,3.584610445187358,0.0,0.08879852294921875,1.0,1.0
SVR,KNN,0.3,21,0.00014898883479295502,0.0023240619644638726,0.015270385101226155,0.0,0.014165878295898438,0.01099678915571156,0.5277115703056315,4.403986774798287,0.0,0.05469322204589844,0.8216209411621094,1.0
SVR,mean,0.05,21,1.0343629705052612e-05,-0.00012689606871122403,0.0024401823635821687,0.0,0.6332969665527344,0.00273443407407992,-0.009004112088198553,0.1556477313426875,0.0,0.22898578643798828,1.0,1.0
SVR,mean,0.1,21,1.673100727200838e-05,0.00020144511732555118,0.002231618619411573,0.0,0.12807846069335938,0.0026952964129884137,0.03378765165929128,0.4015040358340123,0.0,0.10321426391601562,1.0,1.0
SVR,mean,0.2,21,-2.4206151372626234e-05,-0.00016875080900395767,0.00011241563188202353,0.0,0.11105823516845703,-0.004305765498657593,-0.04340242968678393,0.01001016315227094,0.0,0.07598018646240234,1.0,1.0
SVR,mean,0.3,21,-1.408844964848055e-05,0.0005037830721069191,0.006274563535595967,0.0,0.27221012115478516,-0.0014169368728227012,0.01642225577561162,1.0789879226580077,0.0,0.3038158416748047,1.0,1.0
SVR,median,0.05,21,0.0,-7.024217722037649e-05,0.0009410037393564052,24.6031746031746,0.9587607499379828,0.00013378036488053495,0.008598683252725982,0.2393941174455986,24.6031746031746,0.5349252131384397,1.0,1.0
SVR,median,0.1,21,0.0,2.5738976559959454e-05,0.00165644016077592,32.53968253968254,0.4955208830566151,0.0,0.03992781015042509,0.41832596152883844,32.53968253968254,1.0,1.0,1.0
SVR,median,0.2,21,0.0,0.0007160807132307002,0.014497794564210334,25.396825396825395,0.5861743444807836,0.0,0.05939311997783657,0.8344304538125401,25.396825396825395,0.5540338584644351,1.0,1.0
SVR,median,0.3,21,0.0,-0.0004850110545114257,0.0007161920589590457,21.428571428571427,0.9433920568226559,0.0,0.09423954780277602,3.115328096197539,21.428571428571427,0.981116590883351,1.0,1.0
