ds,alg,iteration,test_r2_noleak,test_r2_leak,test_rmse_noleak,test_rmse_leak,delta_r2,tie_r2,delta_rmse,tie_rmse,n_instances,n_features,ratio_feat_inst
1027_ESL,DT,0,0.7483523101028735,0.7599053657934134,0.6892098098389183,0.6739442994006241,0.011553055690539882,False,2.2149293611856913,False,488,4,0.00819672131147541
1027_ESL,DT,1,0.8102018582385131,0.8242280076192883,0.6146058789775797,0.5916901679846701,0.014026149380775177,False,3.7285212811551243,False,488,4,0.00819672131147541
1027_ESL,DT,2,0.7793622947463378,0.781967576391172,0.6559431378132927,0.6526290532746374,0.002605281644834201,False,0.5052396080708228,False,488,4,0.00819672131147541
1027_ESL,DT,3,0.7780885571406929,0.7945264891811938,0.6624443495270305,0.6395239465460133,0.016437932040500924,False,3.459974109128078,False,488,4,0.00819672131147541
1027_ESL,DT,4,0.7920557763010028,0.7937379435706071,0.6402107278191285,0.6378400200484342,0.001682167269604351,False,0.37030116298895066,False,488,4,0.00819672131147541
1027_ESL,DT,5,0.7851026303508649,0.7856898857028258,0.6537836244700236,0.6516744912956135,0.0005872553519609136,False,0.3226041606838667,False,488,4,0.00819672131147541
1027_ESL,KNN,0,0.8460571225301776,0.8484750056058985,0.5478170837217068,0.5431185127783867,0.0024178830757208836,False,0.8576897440655462,False,488,4,0.00819672131147541
1027_ESL,KNN,1,0.8443797833438215,0.8457740628549589,0.5577726199349241,0.5550833923385553,0.001394279511137464,False,0.4821368959778913,False,488,4,0.00819672131147541
1027_ESL,KNN,2,0.8370357471723591,0.8501074592265178,0.5670399840055248,0.5437503128158007,0.01307171205415869,False,4.107236146771833,False,488,4,0.00819672131147541
1027_ESL,KNN,3,0.845151510086708,0.8480158827722113,0.5567991477363059,0.5521046956205238,0.0028643726855033247,False,0.8431140986597493,False,488,4,0.00819672131147541
1027_ESL,KNN,4,0.8494124713174751,0.8542216526873787,0.5472270123961993,0.5370277450524706,0.0048091813699036035,False,1.8638091893651385,False,488,4,0.00819672131147541
1027_ESL,KNN,5,0.8502977704755841,0.8526848245382725,0.5478869181577345,0.543297273675648,0.002387054062688465,False,0.837699227701801,False,488,4,0.00819672131147541
1027_ESL,LR,0,0.8537022319120883,0.8537022319120883,0.5331596706374971,0.5331596706374971,0.0,True,0.0,True,488,4,0.00819672131147541
1027_ESL,LR,1,0.8588245891228318,0.8588245891228318,0.5313951439470121,0.5313951439470121,0.0,True,0.0,True,488,4,0.00819672131147541
1027_ESL,LR,2,0.8568287859289743,0.8568287859289743,0.5306033557895813,0.5306033557895812,0.0,True,0.0,True,488,4,0.00819672131147541
1027_ESL,LR,3,0.8563175028290593,0.8563175028290594,0.5351508264237395,0.5351508264237395,0.0,True,0.0,True,488,4,0.00819672131147541
1027_ESL,LR,4,0.8577985074115885,0.8577985074115885,0.5281416205846277,0.5281416205846277,0.0,True,0.0,True,488,4,0.00819672131147541
1027_ESL,LR,5,0.8565112924635399,0.8565112924635399,0.5351678527352406,0.5351678527352405,0.0,True,0.0,True,488,4,0.00819672131147541
1027_ESL,RF,0,0.8301231849636603,0.8317203080668654,0.5722012383314167,0.5698048269964675,0.0015971231032050337,False,0.41880568835140736,False,488,4,0.00819672131147541
1027_ESL,RF,1,0.8395673467023455,0.844553956318987,0.5659389353353671,0.5568628087958043,0.004986609616641546,False,1.6037289489871238,False,488,4,0.00819672131147541
1027_ESL,RF,2,0.8398486215968418,0.8379124832287551,0.5609805973009447,0.564197691096456,-0.001936138368086704,False,-0.5734768387694207,False,488,4,0.00819672131147541
1027_ESL,RF,3,0.8374082334984865,0.8365387425201277,0.5698580679810347,0.5718259679464892,-0.0008694909783587557,False,-0.34533159676525593,False,488,4,0.00819672131147541
1027_ESL,RF,4,0.8364674446081318,0.8399704128259433,0.567353077538167,0.5627173982612539,0.0035029682178114863,False,0.8170713195084864,False,488,4,0.00819672131147541
1027_ESL,RF,5,0.8365986527523488,0.8358048397366659,0.5706497604143006,0.5716277638129873,-0.0007938130156829315,False,-0.1713841775692071,False,488,4,0.00819672131147541
1027_ESL,SVR,0,0.8549820881507879,0.8553029026418075,0.5310902816882764,0.5305243596429594,0.00032081449101961645,False,0.10655853907136498,False,488,4,0.00819672131147541
1027_ESL,SVR,1,0.8586676367801552,0.8589436596613239,0.5316683305735772,0.5311403612342022,0.00027602288116868046,False,0.09930426715570183,False,488,4,0.00819672131147541
1027_ESL,SVR,2,0.8561651815569088,0.8563092237570281,0.5318439884294757,0.5315588348925859,0.0001440422001193209,False,0.05361601204364269,False,488,4,0.00819672131147541
1027_ESL,SVR,3,0.8574366033330217,0.8574852173013063,0.5336498719911109,0.5335633316385432,4.86139682845943e-05,False,0.01621669133824183,False,488,4,0.00819672131147541
1027_ESL,SVR,4,0.8463130123741742,0.8583313073823794,0.5503738814648962,0.5279845165470011,0.012018295008205171,False,4.068028238967795,False,488,4,0.00819672131147541
1027_ESL,SVR,5,0.8575261907338507,0.8580123780657181,0.5335978139894454,0.5327312639688908,0.0004861873318673382,False,0.16239759568649956,False,488,4,0.00819672131147541
1028_SWD,DT,0,0.3827026899041736,0.3827026899041736,0.6350877085705389,0.6350877085705389,0.0,True,0.0,True,1000,10,0.01
1028_SWD,DT,1,0.3724519445571749,0.3724519445571749,0.6405955141202871,0.6405955141202871,0.0,True,0.0,True,1000,10,0.01
1028_SWD,DT,2,0.3637500847338417,0.3637500847338417,0.6428496732601697,0.6428496732601697,0.0,True,0.0,True,1000,10,0.01
1028_SWD,DT,3,0.3810297299073554,0.3810297299073554,0.6366797104078199,0.6366797104078199,0.0,True,0.0,True,1000,10,0.01
1028_SWD,DT,4,0.37209846687905,0.37209846687905,0.6374291508873928,0.6374291508873928,0.0,True,0.0,True,1000,10,0.01
1028_SWD,DT,5,0.3900142253427558,0.3900142253427558,0.6321346681193682,0.6321346681193682,0.0,True,0.0,True,1000,10,0.01
1028_SWD,KNN,0,0.3543845788245158,0.3710009088059286,0.6496644990699177,0.641703150330126,0.016616329981412825,False,1.2254554083206717,False,1000,10,0.01
1028_SWD,KNN,1,0.3567837326437633,0.3688662489628201,0.6476987629275905,0.6419566739082815,0.012082516319056824,False,0.8865369748978502,False,1000,10,0.01
1028_SWD,KNN,2,0.3579277682213913,0.3610214048726088,0.6468801982214671,0.645434008102269,0.003093636651217535,False,0.2235638257554128,False,1000,10,0.01
1028_SWD,KNN,3,0.3671548982126772,0.3675154478622535,0.6428586461093727,0.6425937683459211,0.00036054964957626945,False,0.04120311129899107,False,1000,10,0.01
1028_SWD,KNN,4,0.3512026343022689,0.3536416273108029,0.6469503166468116,0.6449594241683042,0.0024389930085340072,False,0.30773498787763187,False,1000,10,0.01
1028_SWD,KNN,5,0.3404254761073957,0.361050007394299,0.6573445878991608,0.6471486982889226,0.02062453128690328,False,1.5510722683248583,False,1000,10,0.01
1028_SWD,LR,0,0.3910988265203977,0.3910988265203978,0.6315995685902711,0.6315995685902711,0.0,True,0.0,True,1000,10,0.01
1028_SWD,LR,1,0.3906329896938052,0.3906329896938052,0.6310090765255505,0.6310090765255505,0.0,True,0.0,True,1000,10,0.01
1028_SWD,LR,2,0.3815052124537521,0.3815052124537521,0.6342379287664364,0.6342379287664364,0.0,True,0.0,True,1000,10,0.01
1028_SWD,LR,3,0.3833316022142333,0.3833316022142332,0.6351084415630106,0.6351084415630106,0.0,True,0.0,True,1000,10,0.01
1028_SWD,LR,4,0.3857803206185437,0.3857803206185438,0.6318920691323634,0.6318920691323633,0.0,True,0.0,True,1000,10,0.01
1028_SWD,LR,5,0.391801332817354,0.391801332817354,0.6312249580356791,0.6312249580356791,0.0,True,0.0,True,1000,10,0.01
1028_SWD,RF,0,0.40558823458825,0.4072343024759038,0.623430167104502,0.6224991622387949,0.0016460678876538126,False,0.14933587029180875,False,1000,10,0.01
1028_SWD,RF,1,0.4072558046530002,0.4079202622809004,0.6224199357469224,0.6220370799227942,0.0006644576279001835,False,0.061510854993548206,False,1000,10,0.01
1028_SWD,RF,2,0.392670994408265,0.3928436692294386,0.6283636514531007,0.6282969808973705,0.00017267482117361288,False,0.010610186565693019,False,1000,10,0.01
1028_SWD,RF,3,0.4145041230970889,0.4136437681076882,0.618708637986911,0.6191557239621224,-0.0008603549894006801,False,-0.07226114971758776,False,1000,10,0.01
1028_SWD,RF,4,0.4049161161005266,0.4053237213118267,0.6205661953888431,0.6204510675116283,0.0004076052113001216,False,0.018552070362558987,False,1000,10,0.01
1028_SWD,RF,5,0.3979825995119236,0.3981840250031046,0.6279452013373985,0.6278305490938678,0.0002014254911810176,False,0.018258319879903846,False,1000,10,0.01
1028_SWD,SVR,0,0.3797296791422599,0.3875437808579269,0.6372989338703698,0.6334487659778384,0.007814101715666988,False,0.6041384486788737,False,1000,10,0.01
1028_SWD,SVR,1,0.3848969912728858,0.3939796330683742,0.6339279133162709,0.6294767718536358,0.0090826417954884,False,0.7021526216363861,False,1000,10,0.01
1028_SWD,SVR,2,0.369134287020983,0.3849845523783649,0.6406903617836598,0.6333551921038989,0.015850265357381876,False,1.1448852858251262,False,1000,10,0.01
1028_SWD,SVR,3,0.3826816459778268,0.3856577428757668,0.6349767310340059,0.6333197862503617,0.0029760968979400393,False,0.26094574850735147,False,1000,10,0.01
1028_SWD,SVR,4,0.3723697000380249,0.3812644746397753,0.6380547395504214,0.6333922491158968,0.008894774601750421,False,0.7307351776447631,False,1000,10,0.01
1028_SWD,SVR,5,0.3913856816165928,0.3929567805739763,0.6312839701150874,0.6304932760650327,0.0015710989573834988,False,0.12525172307330565,False,1000,10,0.01
1029_LEV,DT,0,0.5065873075565561,0.5123072208527497,0.6666475183882652,0.662541960301641,0.005719913296193591,False,0.6158514017347657,False,1000,4,0.004
1029_LEV,DT,1,0.4957064628571712,0.5099454923143814,0.6771941111798485,0.6672273829421456,0.014239029457210173,False,1.471768297030568,False,1000,4,0.004
1029_LEV,DT,2,0.4980796379142739,0.5082801739276888,0.6737816349822532,0.6681888333595677,0.010200536013414863,False,0.8300614520063023,False,1000,4,0.004
1029_LEV,DT,3,0.4836405672139663,0.522806515909819,0.6846906649811566,0.6576196610957038,0.03916594869585266,False,3.953756823338292,False,1000,4,0.004
1029_LEV,DT,4,0.5187259538086667,0.5257319130299153,0.6610803261000829,0.6560058177560087,0.007005959221248581,False,0.7676084348191518,False,1000,4,0.004
1029_LEV,DT,5,0.5011144353777621,0.5109836119700385,0.6713346824747876,0.6651252020746301,0.009869176592276374,False,0.924945569215494,False,1000,4,0.004
1029_LEV,KNN,0,0.5218894751014785,0.5273427382148845,0.6556723869316985,0.651982568187765,0.005453263113405993,False,0.5627534142775866,False,1000,4,0.004
1029_LEV,KNN,1,0.5198227807772258,0.5253846918283824,0.6606502222010319,0.6568332095630265,0.005561911051156665,False,0.5777660416564403,False,1000,4,0.004
1029_LEV,KNN,2,0.5163604597436362,0.5216776237224128,0.6620967070811952,0.6585321494333691,0.005317163978776573,False,0.5383741694684043,False,1000,4,0.004
1029_LEV,KNN,3,0.5367777526479895,0.5367777526479895,0.6485357108861223,0.6485357108861223,0.0,True,0.0,True,1000,4,0.004
1029_LEV,KNN,4,0.5392732472901698,0.5385994967749923,0.6466015724853722,0.647103749830752,-0.0006737505151774847,False,-0.07766410827761928,False,1000,4,0.004
1029_LEV,KNN,5,0.5149005683479606,0.5132056089712884,0.6619130211460431,0.6630933407046214,-0.0016949593766721893,False,-0.1783194348609003,False,1000,4,0.004
1029_LEV,LR,0,0.558690983161567,0.558690983161567,0.631077957012868,0.631077957012868,0.0,True,0.0,True,1000,4,0.004
1029_LEV,LR,1,0.5595653625759951,0.5595653625759951,0.6325261461598067,0.6325261461598067,0.0,True,0.0,True,1000,4,0.004
1029_LEV,LR,2,0.5569630240403483,0.5569630240403483,0.6332016330185182,0.6332016330185182,0.0,True,0.0,True,1000,4,0.004
1029_LEV,LR,3,0.5631614405027561,0.5631614405027561,0.629904771255068,0.629904771255068,0.0,True,0.0,True,1000,4,0.004
1029_LEV,LR,4,0.5654804513464823,0.5654804513464823,0.628163893210113,0.628163893210113,0.0,True,0.0,True,1000,4,0.004
1029_LEV,LR,5,0.5589654626951455,0.5589654626951455,0.6303483827538117,0.6303483827538117,0.0,True,0.0,True,1000,4,0.004
1029_LEV,RF,0,0.5359615260979397,0.53667409157044,0.6464397080397933,0.6459875600913548,0.000712565472500315,False,0.06994433399049105,False,1000,4,0.004
1029_LEV,RF,1,0.5301509620118652,0.5302035702998835,0.6533578637704258,0.653321598644078,5.260828801834094e-05,False,0.0055505762398757276,False,1000,4,0.004
1029_LEV,RF,2,0.5287012899542991,0.5283704909642779,0.6537030235474646,0.6539245749145733,-0.00033079899002119717,False,-0.03389174581241443,False,1000,4,0.004
1029_LEV,RF,3,0.5346444405634204,0.5351790317689699,0.649960145096386,0.6495803758956352,0.0005345912055494395,False,0.05842961351029627,False,1000,4,0.004
1029_LEV,RF,4,0.5467305446399959,0.546867283561632,0.6414608796057556,0.6413581674864114,0.00013673892163601487,False,0.016012218766533862,False,1000,4,0.004
1029_LEV,RF,5,0.5309676634932619,0.531912674536028,0.6512287259909304,0.6506005284474289,0.0009450110427661196,False,0.09646342650896321,False,1000,4,0.004
1029_LEV,SVR,0,0.5542279748031669,0.5542279748031669,0.6341853885816803,0.6341853885816803,0.0,True,0.0,True,1000,4,0.004
1029_LEV,SVR,1,0.5523697470367928,0.5579901994765786,0.6377254142091704,0.6334965844838685,0.005620452439785817,False,0.6631113691064046,False,1000,4,0.004
1029_LEV,SVR,2,0.5527795745095068,0.5547117104894395,0.6360530956334598,0.6348018309499431,0.001932135979932692,False,0.19672330692306417,False,1000,4,0.004
1029_LEV,SVR,3,0.5554069490684269,0.5569041000455078,0.635508481385957,0.6344907227157301,0.0014971509770809188,False,0.16014871556193963,False,1000,4,0.004
1029_LEV,SVR,4,0.5593833971121428,0.5617193084324046,0.6325088423785085,0.6309288754955277,0.0023359113202617854,False,0.2497936435227411,False,1000,4,0.004
1029_LEV,SVR,5,0.5577911017825771,0.5546652211687165,0.6311318285468932,0.633055521420248,-0.0031258806138605433,False,-0.3048004848343469,False,1000,4,0.004
1030_ERA,DT,0,0.3451080407821041,0.3575365970735449,1.597607997239452,1.581560372667587,0.012428556291440795,False,1.004478232432106,False,1000,4,0.004
1030_ERA,DT,1,0.3352534603248044,0.3430047453970818,1.6144736235355883,1.604617103405697,0.007751285072277403,False,0.6105098272405424,False,1000,4,0.004
1030_ERA,DT,2,0.3374377999623639,0.3615597163343717,1.6119221417463665,1.5823034924822093,0.02412191637200778,False,1.8374739385407421,False,1000,4,0.004
1030_ERA,DT,3,0.3408232803837514,0.3449333750095222,1.6030817796793546,1.598320023209758,0.004110094625770777,False,0.2970376514758325,False,1000,4,0.004
1030_ERA,DT,4,0.3535120587757261,0.3633397335078749,1.5916205680385116,1.5793048925028268,0.009827674732148795,False,0.7737821301758149,False,1000,4,0.004
1030_ERA,DT,5,0.3496646821019415,0.3522810126119468,1.5921771640444728,1.5889604102880617,0.0026163305100052603,False,0.20203491351678007,False,1000,4,0.004
1030_ERA,KNN,0,0.3470641373425808,0.3472048561088752,1.5940525951677147,1.5938755091686645,0.00014071876629440094,False,0.011109169144545414,False,1000,4,0.004
1030_ERA,KNN,1,0.3363303484769183,0.3363555741321766,1.612875544306709,1.612843853464283,2.5225655258309665e-05,False,0.001964865952485423,False,1000,4,0.004
1030_ERA,KNN,2,0.3286212487237165,0.3334981380784058,1.622609499022758,1.6166322603170296,0.004876889354689273,False,0.36837197793605314,False,1000,4,0.004
1030_ERA,KNN,3,0.3239756305589154,0.3239852171774807,1.6219607939894511,1.621947981257601,9.586618565315952e-06,False,0.0007899532404016955,False,1000,4,0.004
1030_ERA,KNN,4,0.3377744883502673,0.3377744883502673,1.610517621398139,1.610517621398139,0.0,True,0.0,True,1000,4,0.004
1030_ERA,KNN,5,0.3305703593984839,0.3308817921143862,1.6152966301528442,1.6149246852286296,0.0003114327159022823,False,0.023026416156106053,False,1000,4,0.004
1030_ERA,LR,0,0.3683225216548619,0.368322521654862,1.568955074463299,1.5689550744632987,0.0,True,0.0,True,1000,4,0.004
1030_ERA,LR,1,0.3696135138912492,0.3696135138912492,1.571886106920488,1.571886106920488,0.0,True,0.0,True,1000,4,0.004
1030_ERA,LR,2,0.3668121124117506,0.3668121124117506,1.5754044648112522,1.5754044648112522,0.0,True,0.0,True,1000,4,0.004
1030_ERA,LR,3,0.3641208091114174,0.3641208091114174,1.5752966316746464,1.5752966316746464,0.0,True,0.0,True,1000,4,0.004
1030_ERA,LR,4,0.3743566789416697,0.3743566789416697,1.5656659290110029,1.5656659290110029,0.0,True,0.0,True,1000,4,0.004
1030_ERA,LR,5,0.3695689785780626,0.3695689785780626,1.5692921040701897,1.5692921040701897,0.0,True,0.0,True,1000,4,0.004
1030_ERA,RF,0,0.3615740701545838,0.3672515733723525,1.5772739445763249,1.5702583821147635,0.005677503217768665,False,0.4447903603356477,False,1000,4,0.004
1030_ERA,RF,1,0.3513158432551834,0.360949655737005,1.5939490810954002,1.5826102072042658,0.009633812481821602,False,0.7113698941588565,False,1000,4,0.004
1030_ERA,RF,2,0.3645866309098801,0.3656336309074149,1.5786564055932533,1.5773626055201897,0.0010469999975348254,False,0.08195577381370467,False,1000,4,0.004
1030_ERA,RF,3,0.3449799713274236,0.3497795434245478,1.5978829445242853,1.5922654316636935,0.004799572097124227,False,0.35155972343544706,False,1000,4,0.004
1030_ERA,RF,4,0.3678892199173532,0.3684447612806025,1.5737426502403822,1.5730585785643152,0.0005555413632493122,False,0.04346782340572009,False,1000,4,0.004
1030_ERA,RF,5,0.3590800665718942,0.3637173569387252,1.5805757391073187,1.5747790304865044,0.004637290366831026,False,0.3667466529688898,False,1000,4,0.004
1030_ERA,SVR,0,0.3637242345166297,0.3637242345166297,1.5747239054665751,1.5747239054665751,0.0,True,0.0,True,1000,4,0.004
1030_ERA,SVR,1,0.3662092759006405,0.3662092759006405,1.5763496873843867,1.5763496873843867,0.0,True,0.0,True,1000,4,0.004
1030_ERA,SVR,2,0.362070515692818,0.362070515692818,1.5813638328070936,1.5813638328070936,0.0,True,0.0,True,1000,4,0.004
1030_ERA,SVR,3,0.3627342386068155,0.3627342386068155,1.576712972584653,1.576712972584653,0.0,True,0.0,True,1000,4,0.004
1030_ERA,SVR,4,0.3710422021428148,0.3710422021428148,1.5697692431151429,1.5697692431151429,0.0,True,0.0,True,1000,4,0.004
1030_ERA,SVR,5,0.3589808286505582,0.3645408616436854,1.5812377005361595,1.5750458590765917,0.005560032993127184,False,0.3915819523825138,False,1000,4,0.004
1089_USCrime,DT,0,0.429023633805199,0.5145969311228873,25.72359015236285,23.660759417811303,0.08557329731768831,False,8.019217855413018,False,47,13,0.2765957446808511
1089_USCrime,DT,1,0.7212456868680945,0.7079616715501225,20.00400396444985,20.597221495702453,-0.013284015317972075,False,-2.9654939696414755,False,47,13,0.2765957446808511
1089_USCrime,DT,2,0.7157715452652125,0.6962397633493262,20.23266552606569,20.587133465415423,-0.019531781915886226,False,-1.7519586773827291,False,47,13,0.2765957446808511
1089_USCrime,DT,3,0.3910230721513985,0.4224935377403127,26.59423768381169,25.95744542802228,0.0314704655889142,False,2.3944745600925326,False,47,13,0.2765957446808511
1089_USCrime,DT,4,0.6276805738331395,0.6153641675411092,21.338691458241662,21.6639837957276,-0.012316406292030235,False,-1.5244249541848038,False,47,13,0.2765957446808511
1089_USCrime,DT,5,0.548137743205374,0.5634632534501479,23.10155342649735,22.630380047417606,0.01532551024477391,False,2.0395744406491327,False,47,13,0.2765957446808511
1089_USCrime,KNN,0,0.6568943971215617,0.6615943519695423,21.10719897439501,21.523286115128045,0.004699954847980581,False,-1.9713043935284145,False,47,13,0.2765957446808511
1089_USCrime,KNN,1,0.752912833536979,0.7747036523895872,19.323492449768285,18.333159450115275,0.02179081885260814,False,5.125020760234702,False,47,13,0.2765957446808511
1089_USCrime,KNN,2,0.7090795768557805,0.761254882685608,20.64300733098848,18.783706033151358,0.052175305829827545,False,9.006930376108572,False,47,13,0.2765957446808511
1089_USCrime,KNN,3,0.6850213875987778,0.7070006350187457,19.90495185522085,19.5571854956399,0.021979247419967818,False,1.7471348944244565,False,47,13,0.2765957446808511
1089_USCrime,KNN,4,0.6883171464979425,0.7329428969969511,20.702641688791992,18.95088055840507,0.04462575049900863,False,8.461534313929079,False,47,13,0.2765957446808511
1089_USCrime,KNN,5,0.717103824330787,0.721796543227306,19.61278672612244,19.61278672612244,0.00469271889651901,False,0.0,True,47,13,0.2765957446808511
1089_USCrime,LR,0,0.5200004898619834,0.6671735501516087,25.40112847584598,21.542590291928864,0.1471730602896253,False,15.19042032949919,False,47,13,0.2765957446808511
1089_USCrime,LR,1,0.6174937425942102,0.7264798482810055,22.70625617615684,19.204183265784003,0.10898610568679534,False,15.423383243822734,False,47,13,0.2765957446808511
1089_USCrime,LR,2,0.7209604331504436,0.7209604331504436,20.339801573544467,20.339801573544467,0.0,True,0.0,True,47,13,0.2765957446808511
1089_USCrime,LR,3,0.7717146278977931,0.7717146278977931,17.015370634108077,17.015370634108077,0.0,True,0.0,True,47,13,0.2765957446808511
1089_USCrime,LR,4,0.7298120849674514,0.7298120849674514,18.787873686294223,18.787873686294223,0.0,True,0.0,True,47,13,0.2765957446808511
1089_USCrime,LR,5,0.6866808932645025,0.6866808932645025,20.007730667295863,20.007730667295863,0.0,True,0.0,True,47,13,0.2765957446808511
1089_USCrime,RF,0,0.6711551701956482,0.6826842498165906,20.906328267206323,20.57933258788853,0.011529079620942406,False,1.5640990380444704,False,47,13,0.2765957446808511
1089_USCrime,RF,1,0.7922671862912765,0.7955548857481871,17.56025646944859,17.412398593729613,0.0032876994569106532,False,0.8420029398558064,False,47,13,0.2765957446808511
1089_USCrime,RF,2,0.746804049271454,0.7587896187059338,19.35020873291009,18.89257211032436,0.011985569434479704,False,2.365021633112415,False,47,13,0.2765957446808511
1089_USCrime,RF,3,0.6957754807451628,0.7096108263690032,20.04663928107086,19.54088776438733,0.013835345623840367,False,2.522874331165755,False,47,13,0.2765957446808511
1089_USCrime,RF,4,0.7276722101256463,0.732697505823857,18.799270151855083,18.63606453129663,0.005025295698210641,False,0.8681487059876585,False,47,13,0.2765957446808511
1089_USCrime,RF,5,0.653069346582794,0.6610503686783746,20.898810594726392,20.629466064693965,0.007981022095580603,False,1.2888031537086302,False,47,13,0.2765957446808511
1089_USCrime,SVR,0,0.6471642642180951,0.692907294943661,21.68194367907905,20.20076547074045,0.04574303072556585,False,6.83139035070824,False,47,13,0.2765957446808511
1089_USCrime,SVR,1,0.7886252451727745,0.7886252451727745,17.683583752209607,17.683583752209607,0.0,True,0.0,True,47,13,0.2765957446808511
1089_USCrime,SVR,2,0.7426469461193397,0.764808709645816,19.566008072391465,18.65757604029933,0.022161763526476363,False,4.642909420925649,False,47,13,0.2765957446808511
1089_USCrime,SVR,3,0.7978973857725234,0.8210375390805419,16.157932042414373,15.142760649454203,0.02314015330801844,False,6.282805190016627,False,47,13,0.2765957446808511
1089_USCrime,SVR,4,0.7829187466410873,0.7996379855101522,16.71392943944817,16.098422899963246,0.0167192388690649,False,3.6825962543087303,False,47,13,0.2765957446808511
1089_USCrime,SVR,5,0.7120569636386966,0.7120569636386966,18.43418147168545,18.43418147168545,0.0,True,0.0,True,47,13,0.2765957446808511
1096_FacultySalaries,DT,0,0.7367393924251401,0.7303509091037738,2.095858156189488,2.0985650897380084,-0.006388483321366323,False,-0.12915633343442012,False,50,4,0.08
1096_FacultySalaries,DT,1,0.7448429859192407,0.7485927261663026,2.044047629698728,2.0194638149755963,0.0037497402470618724,False,1.2027026359828648,False,50,4,0.08
1096_FacultySalaries,DT,2,0.760767889896296,0.760767889896296,1.9631289774410383,1.9631289774410383,0.0,True,0.0,True,50,4,0.08
1096_FacultySalaries,DT,3,0.7054112362013845,0.7009179136132238,2.3734769269272977,2.3949311077796134,-0.004493322588160709,False,-0.9039136049276968,False,50,4,0.08
1096_FacultySalaries,DT,4,0.5807852239544704,0.6332796989460107,2.7003036159314897,2.3716322698941648,0.05249447499154025,False,12.17164411061781,False,50,4,0.08
1096_FacultySalaries,DT,5,0.6962194334177612,0.6962194334177612,2.3719799351175834,2.3719799351175834,0.0,True,0.0,True,50,4,0.08
1096_FacultySalaries,KNN,0,0.7064003404675366,0.7067117361822642,2.34231870858216,2.3427789929312737,0.0003113957147276025,False,-0.01965079933089508,False,50,4,0.08
1096_FacultySalaries,KNN,1,0.6173880177104527,0.739145243935764,2.5492609034013456,2.266791241405558,0.12175722622531127,False,11.080453225438905,False,50,4,0.08
1096_FacultySalaries,KNN,2,0.6909756793080135,0.7459893549329628,2.3311477945009345,2.1118291624183465,0.0550136756249493,False,9.408182209637246,False,50,4,0.08
1096_FacultySalaries,KNN,3,0.6493713125419039,0.7334583215145563,2.557259529354617,2.246264190185165,0.08408700897265231,False,12.161274035722881,False,50,4,0.08
1096_FacultySalaries,KNN,4,0.6440018817328745,0.7168186072413005,2.5377776145885047,2.1983519581957824,0.072816725508426,False,13.374917267830003,False,50,4,0.08
1096_FacultySalaries,KNN,5,0.5967956679068778,0.6726187986572255,2.5404850771549023,2.427183363374268,0.07582313075034774,False,4.459845672761102,False,50,4,0.08
1096_FacultySalaries,LR,0,0.4753943560010548,0.8176059447709609,2.661700870089612,1.746350114505155,0.34221158876990615,False,34.3896929166815,False,50,4,0.08
1096_FacultySalaries,LR,1,0.5064282844382286,0.8155644430634277,2.849719282223206,1.8043162887642024,0.30913615862519905,False,36.68442011044096,False,50,4,0.08
1096_FacultySalaries,LR,2,0.5593765409331335,0.8508487620735379,2.465434064349671,1.6180698252884915,0.2914722211404044,False,34.369778990000945,False,50,4,0.08
1096_FacultySalaries,LR,3,0.3638751118292746,0.8475067941248364,2.75706129981553,1.692608490463459,0.4836316822955618,False,38.60823875853945,False,50,4,0.08
1096_FacultySalaries,LR,4,0.3335928899563082,0.8161681257724074,2.487722669466556,1.7203505976442777,0.4825752358160992,False,30.846367291689575,False,50,4,0.08
1096_FacultySalaries,LR,5,0.6263946084705724,0.8110410446961827,2.480014058597966,1.7481335757726124,0.18464643622561028,False,29.51114249889011,False,50,4,0.08
1096_FacultySalaries,RF,0,0.7577303151799282,0.7676928084110385,1.996165265664724,1.9453538515202984,0.009962493231110314,False,2.545451271916875,False,50,4,0.08
1096_FacultySalaries,RF,1,0.7681720970539162,0.7784596872332653,1.9888056771793103,1.945304025369342,0.010287590179349104,False,2.1873254038406555,False,50,4,0.08
1096_FacultySalaries,RF,2,0.8025753024671414,0.8077149485979656,1.8140620517967987,1.783133349104438,0.0051396461308241825,False,1.7049418271952836,False,50,4,0.08
1096_FacultySalaries,RF,3,0.7369031219336188,0.7430464377372411,2.223718536615724,2.196893179408354,0.006143315803622262,False,1.2063288031135224,False,50,4,0.08
1096_FacultySalaries,RF,4,0.7115229141956679,0.7306616605428471,2.17722143474288,2.118741586743853,0.01913874634717916,False,2.685985314393773,False,50,4,0.08
1096_FacultySalaries,RF,5,0.72195382170255,0.7259810098605062,2.1667458049739614,2.166043297167951,0.0040271881579562185,False,0.03242225296561713,False,50,4,0.08
1096_FacultySalaries,SVR,0,0.4524759381815334,0.8086019676570867,2.738946394060152,1.80679372874522,0.3561260294755533,False,34.03325699752487,False,50,4,0.08
1096_FacultySalaries,SVR,1,0.5981155857053116,0.8278764968587615,2.675093649832533,1.7393677979558608,0.22976091115344988,False,34.97918108157637,False,50,4,0.08
1096_FacultySalaries,SVR,2,0.5602548003347725,0.8506590524811981,2.4133979566621013,1.644429316147089,0.2904042521464256,False,31.862488256124564,False,50,4,0.08
1096_FacultySalaries,SVR,3,0.4838342372246463,0.8388396840986745,2.622505772471063,1.6467595554157988,0.3550054468740282,False,37.20663753337956,False,50,4,0.08
1096_FacultySalaries,SVR,4,0.3229366994424893,0.81854036471065,2.407094324836625,1.6574414991850497,0.49560366526816063,False,31.143475264620385,False,50,4,0.08
1096_FacultySalaries,SVR,5,0.6198477520855027,0.8202878771309521,2.4711198907262526,1.7261683839629034,0.2004401250454494,False,30.14631178191888,False,50,4,0.08
1199_BNG_echoMonths,DT,0,0.4476611954667897,0.4476611954667897,11.735207718671624,11.735207718671624,0.0,True,0.0,True,17496,9,0.00051440329218107
1199_BNG_echoMonths,DT,1,0.4440465040717607,0.4440465040717607,11.77363981532304,11.77363981532304,0.0,True,0.0,True,17496,9,0.00051440329218107
1199_BNG_echoMonths,DT,2,0.4410696123604124,0.4410696123604124,11.80613387015572,11.80613387015572,0.0,True,0.0,True,17496,9,0.00051440329218107
1199_BNG_echoMonths,DT,3,0.4406868133702613,0.4406868133702613,11.811306126815392,11.811306126815392,0.0,True,0.0,True,17496,9,0.00051440329218107
1199_BNG_echoMonths,DT,4,0.4437443327857868,0.4437443327857868,11.778888098405409,11.778888098405409,0.0,True,0.0,True,17496,9,0.00051440329218107
1199_BNG_echoMonths,DT,5,0.4454146247315505,0.4454146247315505,11.760722055163113,11.760722055163113,0.0,True,0.0,True,17496,9,0.00051440329218107
1199_BNG_echoMonths,KNN,0,0.4393215564987064,0.4393215564987064,11.824048285129386,11.824048285129386,0.0,True,0.0,True,17496,9,0.00051440329218107
1199_BNG_echoMonths,KNN,1,0.4363379495697639,0.4363379495697639,11.853519722038689,11.853519722038689,0.0,True,0.0,True,17496,9,0.00051440329218107
1199_BNG_echoMonths,KNN,2,0.4348963176265247,0.4348963176265247,11.871448911294207,11.871448911294207,0.0,True,0.0,True,17496,9,0.00051440329218107
1199_BNG_echoMonths,KNN,3,0.4359446306686513,0.4359446306686513,11.860796274222976,11.860796274222976,0.0,True,0.0,True,17496,9,0.00051440329218107
1199_BNG_echoMonths,KNN,4,0.4360702934530522,0.4360702934530522,11.860134185114095,11.860134185114095,0.0,True,0.0,True,17496,9,0.00051440329218107
1199_BNG_echoMonths,KNN,5,0.4356969601053291,0.4356969601053291,11.863913569131675,11.863913569131675,0.0,True,0.0,True,17496,9,0.00051440329218107
1199_BNG_echoMonths,LR,0,0.4420840012515269,0.4420840012515269,11.794650035005796,11.794650035005796,0.0,True,0.0,True,17496,9,0.00051440329218107
1199_BNG_echoMonths,LR,1,0.4416493238155854,0.4416493238155854,11.798727860463089,11.798727860463089,0.0,True,0.0,True,17496,9,0.00051440329218107
1199_BNG_echoMonths,LR,2,0.441975308000799,0.441975308000799,11.797080196217792,11.797080196217792,0.0,True,0.0,True,17496,9,0.00051440329218107
1199_BNG_echoMonths,LR,3,0.4417209791457024,0.4417209791457024,11.800352481360516,11.800352481360516,0.0,True,0.0,True,17496,9,0.00051440329218107
1199_BNG_echoMonths,LR,4,0.4421127570646568,0.4421127570646568,11.796481131929347,11.796481131929347,0.0,True,0.0,True,17496,9,0.00051440329218107
1199_BNG_echoMonths,LR,5,0.4423178067870177,0.4423178067870177,11.79420743392236,11.79420743392236,0.0,True,0.0,True,17496,9,0.00051440329218107
1199_BNG_echoMonths,RF,0,0.4762600406417115,0.4762600406417115,11.427934430482434,11.427934430482434,0.0,True,0.0,True,17496,9,0.00051440329218107
1199_BNG_echoMonths,RF,1,0.4729124051798834,0.4730663195802223,11.463493113689072,11.461877378210822,0.0001539144003389059,False,0.014094617253449385,False,17496,9,0.00051440329218107
1199_BNG_echoMonths,RF,2,0.4733035685486086,0.4733035685486086,11.460966513840248,11.460966513840248,0.0,True,0.0,True,17496,9,0.00051440329218107
1199_BNG_echoMonths,RF,3,0.4734770453371786,0.4734770453371786,11.459869889205514,11.459869889205514,0.0,True,0.0,True,17496,9,0.00051440329218107
1199_BNG_echoMonths,RF,4,0.472888637091319,0.4732252891697021,11.46643510787716,11.46277993125751,0.00033665207838307065,False,0.031877184018070534,False,17496,9,0.00051440329218107
1199_BNG_echoMonths,RF,5,0.473669948019092,0.473669948019092,11.457597442819822,11.457597442819822,0.0,True,0.0,True,17496,9,0.00051440329218107
1199_BNG_echoMonths,SVR,0,0.4376565134602476,0.4376565134602476,11.841783970774696,11.841783970774696,0.0,True,0.0,True,17496,9,0.00051440329218107
1199_BNG_echoMonths,SVR,1,0.4364360189403495,0.4364360189403495,11.85371219834969,11.85371219834969,0.0,True,0.0,True,17496,9,0.00051440329218107
1199_BNG_echoMonths,SVR,2,0.4368520848867731,0.4368520848867731,11.851069986315323,11.851069986315323,0.0,True,0.0,True,17496,9,0.00051440329218107
1199_BNG_echoMonths,SVR,3,0.4375214280421224,0.4375214280421224,11.844760332610283,11.844760332610283,0.0,True,0.0,True,17496,9,0.00051440329218107
1199_BNG_echoMonths,SVR,4,0.4369934197809564,0.4369934197809564,11.850474387138298,11.850474387138298,0.0,True,0.0,True,17496,9,0.00051440329218107
1199_BNG_echoMonths,SVR,5,0.4372567913677796,0.4372567913677796,11.847609382381275,11.847609382381275,0.0,True,0.0,True,17496,9,0.00051440329218107
197_cpu_act,DT,0,0.9687997018709362,0.9694960809783632,3.247473324150468,3.2087673495823177,0.0006963791074269254,False,1.1918796770494118,False,8192,21,0.0025634765625
197_cpu_act,DT,1,0.968528548666299,0.9688553731794912,3.235726075868534,3.216390224225761,0.0003268245131922143,False,0.597573811546532,False,8192,21,0.0025634765625
197_cpu_act,DT,2,0.970235281673116,0.9706304761302916,3.173888703126165,3.151757165906744,0.0003951944571756183,False,0.6973003557945348,False,8192,21,0.0025634765625
197_cpu_act,DT,3,0.9699204432251785,0.9696643169877954,3.186203669464092,3.199977379670458,-0.0002561262373830253,False,-0.4322922083848595,False,8192,21,0.0025634765625
197_cpu_act,DT,4,0.9689721075373466,0.9698880475621952,3.2398399845608266,3.191976643420439,0.0009159400248485161,False,1.4773365773765383,False,8192,21,0.0025634765625
197_cpu_act,DT,5,0.9693822553469852,0.9697851789944822,3.212167600440332,3.1916478849391225,0.00040292364749705545,False,0.6388121061428013,False,8192,21,0.0025634765625
197_cpu_act,KNN,0,0.9386753423265424,0.9386753423265424,4.508628809274412,4.508628809274412,0.0,True,0.0,True,8192,21,0.0025634765625
197_cpu_act,KNN,1,0.9347182378111876,0.9383525340929988,4.662086950731107,4.555024174546094,0.0036342962818112223,False,2.296456014579966,False,8192,21,0.0025634765625
197_cpu_act,KNN,2,0.9380894709769404,0.9380894709769404,4.574412524944641,4.574412524944641,0.0,True,0.0,True,8192,21,0.0025634765625
197_cpu_act,KNN,3,0.937266445999406,0.9361274739714788,4.578478882230502,4.635584224438171,-0.001138972027927232,False,-1.2472557737308863,False,8192,21,0.0025634765625
197_cpu_act,KNN,4,0.941245216577376,0.9426047354958984,4.432351026985654,4.379965891264314,0.0013595189185223733,False,1.1818814755961704,False,8192,21,0.0025634765625
197_cpu_act,KNN,5,0.936503305015952,0.9424269757185796,4.601099744781051,4.395714443275934,0.005923670702627559,False,4.46383066870223,False,8192,21,0.0025634765625
197_cpu_act,LR,0,0.7212831317244074,0.7212831317244074,9.71222929540621,9.71222929540621,0.0,True,0.0,True,8192,21,0.0025634765625
197_cpu_act,LR,1,0.7221318916445401,0.7221318916445401,9.67050182194346,9.67050182194346,0.0,True,0.0,True,8192,21,0.0025634765625
197_cpu_act,LR,2,0.7201611636787283,0.7201611636787283,9.72208316448555,9.72208316448555,0.0,True,0.0,True,8192,21,0.0025634765625
197_cpu_act,LR,3,0.7178258715883842,0.7178258715883842,9.760850044529182,9.760850044529182,0.0,True,0.0,True,8192,21,0.0025634765625
197_cpu_act,LR,4,0.7225133091641323,0.7225133091641323,9.687643569596606,9.687643569596606,0.0,True,0.0,True,8192,21,0.0025634765625
197_cpu_act,LR,5,0.7228738252511924,0.7228738252511924,9.678365022023645,9.678365022023645,0.0,True,0.0,True,8192,21,0.0025634765625
197_cpu_act,RF,0,0.981620285731178,0.981620285731178,2.492080035786568,2.492080035786568,0.0,True,0.0,True,8192,21,0.0025634765625
197_cpu_act,RF,1,0.982123340252076,0.9821918172595878,2.444064552649792,2.4389237258868293,6.847700751178021e-05,False,0.2103392382737743,False,8192,21,0.0025634765625
197_cpu_act,RF,2,0.982302128599073,0.982302128599073,2.444362308864559,2.444362308864559,0.0,True,0.0,True,8192,21,0.0025634765625
197_cpu_act,RF,3,0.9821606364048628,0.9821899905188702,2.4510762399142525,2.449090462210377,2.935411400739607e-05,False,0.08101656209375577,False,8192,21,0.0025634765625
197_cpu_act,RF,4,0.9822526247412112,0.9822723191601094,2.449057980293458,2.4476596696909767,1.9694418898152932e-05,False,0.05709585537511556,False,8192,21,0.0025634765625
197_cpu_act,RF,5,0.981717019919025,0.981717019919025,2.478624721081488,2.478624721081488,0.0,True,0.0,True,8192,21,0.0025634765625
197_cpu_act,SVR,0,0.9472246968666336,0.9472246968666336,4.162856394338879,4.162856394338879,0.0,True,0.0,True,8192,21,0.0025634765625
197_cpu_act,SVR,1,0.9493436217128104,0.9493436217128104,4.1062474994186005,4.1062474994186005,0.0,True,0.0,True,8192,21,0.0025634765625
197_cpu_act,SVR,2,0.950880108504853,0.950880108504853,4.072590827912603,4.072590827912603,0.0,True,0.0,True,8192,21,0.0025634765625
197_cpu_act,SVR,3,0.9483425953869924,0.9483425953869924,4.175385020420845,4.175385020420845,0.0,True,0.0,True,8192,21,0.0025634765625
197_cpu_act,SVR,4,0.9508078788422084,0.9508078788422084,4.056627311907851,4.056627311907851,0.0,True,0.0,True,8192,21,0.0025634765625
197_cpu_act,SVR,5,0.9517154399386356,0.9517154399386356,3.994289462105261,3.994289462105261,0.0,True,0.0,True,8192,21,0.0025634765625
201_pol,DT,0,0.9717114190794652,0.9717114190794652,7.000235081090112,7.000235081090112,0.0,True,0.0,True,15000,48,0.0032
201_pol,DT,1,0.972204174678608,0.972204174678608,6.939279543717924,6.939279543717924,0.0,True,0.0,True,15000,48,0.0032
201_pol,DT,2,0.9722988189409584,0.9722988189409584,6.924675476898691,6.924675476898691,0.0,True,0.0,True,15000,48,0.0032
201_pol,DT,3,0.9720071817323342,0.9720071817323342,6.974858282229823,6.974858282229823,0.0,True,0.0,True,15000,48,0.0032
201_pol,DT,4,0.9704301910531636,0.9704301910531636,7.172433092671911,7.172433092671911,0.0,True,0.0,True,15000,48,0.0032
201_pol,DT,5,0.9702374430867132,0.9702374430867132,7.193694699400053,7.193694699400053,0.0,True,0.0,True,15000,48,0.0032
201_pol,KNN,0,0.952040872632286,0.9529749131691804,9.119027131712317,9.03525142405633,0.0009340405368943872,False,0.9186912863176833,False,15000,48,0.0032
201_pol,KNN,1,0.9533136168806666,0.9536556702015632,9.0146747901363,8.981840046920148,0.0003420533208965404,False,0.3642365806926288,False,15000,48,0.0032
201_pol,KNN,2,0.9523952920471556,0.9530313060905424,9.07909329008061,9.014213277361751,0.0006360140433868677,False,0.7146089443727183,False,15000,48,0.0032
201_pol,KNN,3,0.9537086463219904,0.9537078734103416,8.974228504233738,8.974303007803348,-7.729116487942278e-07,False,-0.0008301947022569818,False,15000,48,0.0032
201_pol,KNN,4,0.9534422035995134,0.953660152790988,8.98235068799379,8.96380006568079,0.00021794919147466452,False,0.20652302451067867,False,15000,48,0.0032
201_pol,KNN,5,0.9518419698782186,0.9515634230082126,9.136056453800112,9.15466489540496,-0.0002785468700059468,False,-0.20368133339529873,False,15000,48,0.0032
201_pol,LR,0,0.4653157942153031,0.4653157942153031,30.50403185807387,30.50403185807387,0.0,True,0.0,True,15000,48,0.0032
201_pol,LR,1,0.4651324025928977,0.4651324025928977,30.513981735659748,30.513981735659748,0.0,True,0.0,True,15000,48,0.0032
201_pol,LR,2,0.4647080240705349,0.4647080240705349,30.501564893788107,30.501564893788107,0.0,True,0.0,True,15000,48,0.0032
201_pol,LR,3,0.4656141010866862,0.4656141010866862,30.50004185014017,30.50004185014017,0.0,True,0.0,True,15000,48,0.0032
201_pol,LR,4,0.4645170453822683,0.4645170453822683,30.52623366448255,30.52623366448255,0.0,True,0.0,True,15000,48,0.0032
201_pol,LR,5,0.4653398533274974,0.4653398533274974,30.506806828609875,30.506806828609875,0.0,True,0.0,True,15000,48,0.0032
201_pol,RF,0,0.9871149837805032,0.9871349094911188,4.725087154980318,4.721818573564282,1.9925710615598113e-05,False,0.06917505029701834,False,15000,48,0.0032
201_pol,RF,1,0.9876070111981174,0.9876070111981174,4.642242389435495,4.642242389435495,0.0,True,0.0,True,15000,48,0.0032
201_pol,RF,2,0.9869893733320098,0.9869893733320098,4.752605878925175,4.752605878925175,0.0,True,0.0,True,15000,48,0.0032
201_pol,RF,3,0.9873204224986476,0.9873204224986476,4.695514915228745,4.695514915228745,0.0,True,0.0,True,15000,48,0.0032
201_pol,RF,4,0.987284291752144,0.9873599554873832,4.694616744665634,4.681224822764078,7.566373523915093e-05,False,0.28526123920069163,False,15000,48,0.0032
201_pol,RF,5,0.9871077014355786,0.9871016208442376,4.736177758689847,4.737263879505907,-6.080591340995589e-06,False,-0.02293243352337007,False,15000,48,0.0032
201_pol,SVR,0,0.905813456326483,0.9067860678475244,12.802552455874164,12.73355360250574,0.0009726115210413333,False,0.5389460703733733,False,15000,48,0.0032
201_pol,SVR,1,0.906096464240688,0.906096464240688,12.784574978060752,12.784574978060752,0.0,True,0.0,True,15000,48,0.0032
201_pol,SVR,2,0.9059306666007624,0.9059306666007624,12.788316888110144,12.788316888110144,0.0,True,0.0,True,15000,48,0.0032
201_pol,SVR,3,0.9061486791037054,0.9061486791037054,12.778396219139193,12.778396219139193,0.0,True,0.0,True,15000,48,0.0032
201_pol,SVR,4,0.9070408489845818,0.9070408489845818,12.710598105479074,12.710598105479074,0.0,True,0.0,True,15000,48,0.0032
201_pol,SVR,5,0.9053590035894435,0.9053590035894435,12.833024795345874,12.833024795345874,0.0,True,0.0,True,15000,48,0.0032
218_house_8L,DT,0,0.5532616259449057,0.5532616259449057,35287.08619938633,35287.08619938633,0.0,True,0.0,True,22784,8,0.00035112359550561797
218_house_8L,DT,1,0.5562895361514055,0.5562895361514055,35180.635654081874,35180.635654081874,0.0,True,0.0,True,22784,8,0.00035112359550561797
218_house_8L,DT,2,0.5578188309855786,0.5578188309855786,35134.52000794539,35134.52000794539,0.0,True,0.0,True,22784,8,0.00035112359550561797
218_house_8L,DT,3,0.5472312137429194,0.5472312137429194,35519.11651681612,35519.11651681612,0.0,True,0.0,True,22784,8,0.00035112359550561797
218_house_8L,DT,4,0.5547215857169319,0.5624688432723693,35217.35324635363,34924.80851930515,0.007747257555437481,False,0.830683455971439,False,22784,8,0.00035112359550561797
218_house_8L,DT,5,0.561713640346725,0.561713640346725,34957.55840386065,34957.55840386065,0.0,True,0.0,True,22784,8,0.00035112359550561797
218_house_8L,KNN,0,0.6334915680819035,0.6346487245854142,31985.46467551484,31935.129143261423,0.0011571565035106701,False,0.15737002030158906,False,22784,8,0.00035112359550561797
218_house_8L,KNN,1,0.6303886605324034,0.6303886605324034,32088.532454697128,32088.532454697128,0.0,True,0.0,True,22784,8,0.00035112359550561797
218_house_8L,KNN,2,0.6300068475245639,0.6300068475245639,32132.668774980863,32132.668774980863,0.0,True,0.0,True,22784,8,0.00035112359550561797
218_house_8L,KNN,3,0.629728784731246,0.629728784731246,32140.29010889481,32140.29010889481,0.0,True,0.0,True,22784,8,0.00035112359550561797
218_house_8L,KNN,4,0.6277880085697012,0.6277235990631093,32223.001465634785,32226.326026713017,-6.440950659192257e-05,False,-0.010317353837375903,False,22784,8,0.00035112359550561797
218_house_8L,KNN,5,0.6309586864665251,0.6309586864665251,32065.506560725546,32065.506560725546,0.0,True,0.0,True,22784,8,0.00035112359550561797
218_house_8L,LR,0,0.3800122536900664,0.3800122536900664,41599.719552486655,41599.719552486655,0.0,True,0.0,True,22784,8,0.00035112359550561797
218_house_8L,LR,1,0.3800784563747149,0.3800784563747149,41586.82375732111,41586.82375732111,0.0,True,0.0,True,22784,8,0.00035112359550561797
218_house_8L,LR,2,0.3759762381070031,0.3759762381070031,41737.09434257846,41737.09434257846,0.0,True,0.0,True,22784,8,0.00035112359550561797
218_house_8L,LR,3,0.376176594300987,0.376176594300987,41723.73418719458,41723.73418719458,0.0,True,0.0,True,22784,8,0.00035112359550561797
218_house_8L,LR,4,0.3798014065970683,0.3798014065970683,41598.07736592043,41598.07736592043,0.0,True,0.0,True,22784,8,0.00035112359550561797
218_house_8L,LR,5,0.3808138528262904,0.3808138528262904,41571.011142182026,41571.011142182026,0.0,True,0.0,True,22784,8,0.00035112359550561797
218_house_8L,RF,0,0.6863913893401088,0.6863913893401088,29579.885285609245,29579.885285609245,0.0,True,0.0,True,22784,8,0.00035112359550561797
218_house_8L,RF,1,0.6743600928526954,0.6742506851898473,30139.610643135147,30144.918048731368,-0.00010940766284806003,False,-0.01760940331665994,False,22784,8,0.00035112359550561797
218_house_8L,RF,2,0.6816304644205642,0.6817807250819676,29813.356866829014,29806.299697211576,0.00015026066140344518,False,0.023671167419893686,False,22784,8,0.00035112359550561797
218_house_8L,RF,3,0.6805066677380236,0.6805066677380236,29839.7126566345,29839.7126566345,0.0,True,0.0,True,22784,8,0.00035112359550561797
218_house_8L,RF,4,0.6817101682996932,0.6819965303807355,29784.948047508755,29771.906108662457,0.00028636208104226846,False,0.04378701223683583,False,22784,8,0.00035112359550561797
218_house_8L,RF,5,0.6860375372982561,0.6859218440646646,29581.42479347612,29587.248559994467,-0.0001156932335915073,False,-0.01968724143277984,False,22784,8,0.00035112359550561797
218_house_8L,SVR,0,0.6601158512188444,0.6601158512188444,30790.991546614583,30790.991546614583,0.0,True,0.0,True,22784,8,0.00035112359550561797
218_house_8L,SVR,1,0.6563719150346244,0.6563719150346244,30935.77363083131,30935.77363083131,0.0,True,0.0,True,22784,8,0.00035112359550561797
218_house_8L,SVR,2,0.6589618900209908,0.6589618900209908,30853.272633088607,30853.272633088607,0.0,True,0.0,True,22784,8,0.00035112359550561797
218_house_8L,SVR,3,0.6590566995135048,0.6590566995135048,30841.010030408524,30841.010030408524,0.0,True,0.0,True,22784,8,0.00035112359550561797
218_house_8L,SVR,4,0.6639047215613714,0.6639047215613714,30616.914055454807,30616.914055454807,0.0,True,0.0,True,22784,8,0.00035112359550561797
218_house_8L,SVR,5,0.6594367564747432,0.6594367564747432,30816.61621500414,30816.61621500414,0.0,True,0.0,True,22784,8,0.00035112359550561797
225_puma8NH,DT,0,0.6233250744589475,0.6233250744589475,3.449487792268947,3.449487792268947,0.0,True,0.0,True,8192,8,0.0009765625
225_puma8NH,DT,1,0.6126112783444655,0.6126112783444655,3.4987137512314064,3.4987137512314064,0.0,True,0.0,True,8192,8,0.0009765625
225_puma8NH,DT,2,0.6091081967873725,0.6091081967873725,3.5133817033762247,3.5133817033762247,0.0,True,0.0,True,8192,8,0.0009765625
225_puma8NH,DT,3,0.6143632868595094,0.6143632868595094,3.4903496010313035,3.4903496010313035,0.0,True,0.0,True,8192,8,0.0009765625
225_puma8NH,DT,4,0.6189277751251598,0.6189277751251598,3.469108953222857,3.469108953222857,0.0,True,0.0,True,8192,8,0.0009765625
225_puma8NH,DT,5,0.6171522775295194,0.6171522775295194,3.477471012247086,3.477471012247086,0.0,True,0.0,True,8192,8,0.0009765625
225_puma8NH,KNN,0,0.5584204684948894,0.5599230434492368,3.735677278944157,3.729273123162162,0.0015025749543474687,False,0.17143225454970815,False,8192,8,0.0009765625
225_puma8NH,KNN,1,0.5576629298849838,0.5620886249189052,3.7386580501343456,3.719954104712725,0.0044256950339214285,False,0.5002849998797924,False,8192,8,0.0009765625
225_puma8NH,KNN,2,0.5580654007069297,0.5596319830383798,3.736621411694636,3.7301255058633136,0.0015665823314501282,False,0.17384436675848586,False,8192,8,0.0009765625
225_puma8NH,KNN,3,0.5637341202259928,0.5641640756934403,3.713243691025209,3.711415851090889,0.000429955467447507,False,0.04922488493652403,False,8192,8,0.0009765625
225_puma8NH,KNN,4,0.5597409857443221,0.5622445423703488,3.72952645722474,3.718876715755196,0.0025035566260267483,False,0.28555210940825854,False,8192,8,0.0009765625
225_puma8NH,KNN,5,0.557562542593812,0.5610857689099568,3.7378520750950055,3.722852560237019,0.0035232263161447674,False,0.4012870107387866,False,8192,8,0.0009765625
225_puma8NH,LR,0,0.3709516392213933,0.3709516392213933,4.4588744259869895,4.4588744259869895,0.0,True,0.0,True,8192,8,0.0009765625
225_puma8NH,LR,1,0.3699839251000567,0.3699839251000567,4.461874719797372,4.461874719797372,0.0,True,0.0,True,8192,8,0.0009765625
225_puma8NH,LR,2,0.370459095594121,0.370459095594121,4.459987187070573,4.459987187070573,0.0,True,0.0,True,8192,8,0.0009765625
225_puma8NH,LR,3,0.3701822586457611,0.3701822586457611,4.461502507500212,4.461502507500212,0.0,True,0.0,True,8192,8,0.0009765625
225_puma8NH,LR,4,0.3700765184682049,0.3700765184682049,4.460868807832657,4.460868807832657,0.0,True,0.0,True,8192,8,0.0009765625
225_puma8NH,LR,5,0.3696828988997908,0.3696828988997908,4.461605750263509,4.461605750263509,0.0,True,0.0,True,8192,8,0.0009765625
225_puma8NH,RF,0,0.6732761874555574,0.6735461949979195,3.2127512111379204,3.211416293878552,0.0002700075423620607,False,0.04155059547532142,False,8192,8,0.0009765625
225_puma8NH,RF,1,0.6738183172127493,0.6736803606178595,3.210078890655389,3.210766218804621,-0.00013795659488979872,False,-0.02141156565443669,False,8192,8,0.0009765625
225_puma8NH,RF,2,0.6721543838093553,0.6723932237206025,3.2181167864262656,3.216984070102301,0.00023883991124717951,False,0.035198111166829624,False,8192,8,0.0009765625
225_puma8NH,RF,3,0.6718690387767098,0.6718690387767098,3.2201831814785025,3.2201831814785025,0.0,True,0.0,True,8192,8,0.0009765625
225_puma8NH,RF,4,0.6714403032829545,0.6714403032829545,3.221558291205905,3.221558291205905,0.0,True,0.0,True,8192,8,0.0009765625
225_puma8NH,RF,5,0.6739712888035805,0.6739712888035805,3.209301217064202,3.209301217064202,0.0,True,0.0,True,8192,8,0.0009765625
225_puma8NH,SVR,0,0.6617558266838228,0.6617558266838228,3.2690951440290066,3.2690951440290066,0.0,True,0.0,True,8192,8,0.0009765625
225_puma8NH,SVR,1,0.6623064607129497,0.6623064607129497,3.266508198889197,3.266508198889197,0.0,True,0.0,True,8192,8,0.0009765625
225_puma8NH,SVR,2,0.6619714790032765,0.6619714790032765,3.268085988016588,3.268085988016588,0.0,True,0.0,True,8192,8,0.0009765625
225_puma8NH,SVR,3,0.6609176891908166,0.6609176891908166,3.273521375365269,3.273521375365269,0.0,True,0.0,True,8192,8,0.0009765625
225_puma8NH,SVR,4,0.6632021783620325,0.6632021783620325,3.261558492747196,3.261558492747196,0.0,True,0.0,True,8192,8,0.0009765625
225_puma8NH,SVR,5,0.6630991953028373,0.6630991953028373,3.2619992379150613,3.2619992379150613,0.0,True,0.0,True,8192,8,0.0009765625
227_cpu_small,DT,0,0.961338791219034,0.961338791219034,3.616093484800315,3.616093484800315,0.0,True,0.0,True,8192,12,0.00146484375
227_cpu_small,DT,1,0.9600312165532344,0.9600312165532344,3.646371240569854,3.646371240569854,0.0,True,0.0,True,8192,12,0.00146484375
227_cpu_small,DT,2,0.9612004505013814,0.9612004505013814,3.62152994463054,3.62152994463054,0.0,True,0.0,True,8192,12,0.00146484375
227_cpu_small,DT,3,0.9617277917834606,0.9617277917834606,3.594976403332395,3.594976403332395,0.0,True,0.0,True,8192,12,0.00146484375
227_cpu_small,DT,4,0.9611158947177612,0.9611158947177612,3.62739354609156,3.62739354609156,0.0,True,0.0,True,8192,12,0.00146484375
227_cpu_small,DT,5,0.9620714674713384,0.9620714674713384,3.577259592680988,3.577259592680988,0.0,True,0.0,True,8192,12,0.00146484375
227_cpu_small,KNN,0,0.9613317398104152,0.963388487570098,3.609104422884454,3.5119250387267886,0.0020567477596827866,False,2.6926176904573476,False,8192,12,0.00146484375
227_cpu_small,KNN,1,0.9626134963675752,0.9635303976872504,3.503219160601296,3.462786555292752,0.0009169013196751452,False,1.1541557480407212,False,8192,12,0.00146484375
227_cpu_small,KNN,2,0.9675980133921046,0.9669719689733258,3.3063982669307537,3.339000998006356,-0.0006260444187787817,False,-0.986049726727773,False,8192,12,0.00146484375
227_cpu_small,KNN,3,0.9634283571410516,0.9638960719391644,3.517369517423212,3.4954787704558945,0.00046771479811280603,False,0.6223613088952403,False,8192,12,0.00146484375
227_cpu_small,KNN,4,0.9647309714285494,0.9647309714285494,3.4546954301881856,3.4546954301881856,0.0,True,0.0,True,8192,12,0.00146484375
227_cpu_small,KNN,5,0.9641553875854628,0.9633258964143356,3.4655650980490464,3.499528749276175,-0.0008294911711271835,False,-0.9800321236570798,False,8192,12,0.00146484375
227_cpu_small,LR,0,0.7084122003379262,0.7084122003379262,9.932361723350695,9.932361723350695,0.0,True,0.0,True,8192,12,0.00146484375
227_cpu_small,LR,1,0.7115862093242393,0.7115862093242393,9.857273402577574,9.857273402577574,0.0,True,0.0,True,8192,12,0.00146484375
227_cpu_small,LR,2,0.709723564801545,0.709723564801545,9.906853447608126,9.906853447608126,0.0,True,0.0,True,8192,12,0.00146484375
227_cpu_small,LR,3,0.7069603850013004,0.7069603850013004,9.945425790918192,9.945425790918192,0.0,True,0.0,True,8192,12,0.00146484375
227_cpu_small,LR,4,0.7121286878771815,0.7121286878771815,9.867109394259028,9.867109394259028,0.0,True,0.0,True,8192,12,0.00146484375
227_cpu_small,LR,5,0.7124209038590537,0.7124209038590537,9.859384662066212,9.859384662066212,0.0,True,0.0,True,8192,12,0.00146484375
227_cpu_small,RF,0,0.975475528108978,0.9755025506773868,2.878279598601266,2.876677748694658,2.702256840880768e-05,False,0.055653033408782096,False,8192,12,0.00146484375
227_cpu_small,RF,1,0.9757196756721196,0.975727462126156,2.8478667760476184,2.8474074171732484,7.786454036429191e-06,False,0.016129928486595235,False,8192,12,0.00146484375
227_cpu_small,RF,2,0.9764464052362573,0.9764642781723234,2.8201832221247165,2.819161196248285,1.7872936066143374e-05,False,0.036239697776144116,False,8192,12,0.00146484375
227_cpu_small,RF,3,0.9760640785827848,0.9760681843631848,2.836497762570722,2.836223659805859,4.105780399998871e-06,False,0.009663422565668774,False,8192,12,0.00146484375
227_cpu_small,RF,4,0.9761092629981708,0.976111748499592,2.842136803406879,2.841969137800283,2.4855014212343818e-06,False,0.0058992799500322025,False,8192,12,0.00146484375
227_cpu_small,RF,5,0.9753685618417778,0.9754165191955232,2.8773868617822664,2.874692114316119,4.7957353745409215e-05,False,0.09365259506601344,False,8192,12,0.00146484375
227_cpu_small,SVR,0,0.9587672598883086,0.9587672598883086,3.721114479971624,3.721114479971624,0.0,True,0.0,True,8192,12,0.00146484375
227_cpu_small,SVR,1,0.962269699534434,0.962269699534434,3.556027428000676,3.556027428000676,0.0,True,0.0,True,8192,12,0.00146484375
227_cpu_small,SVR,2,0.963885411114284,0.963885411114284,3.477236804211433,3.477236804211433,0.0,True,0.0,True,8192,12,0.00146484375
227_cpu_small,SVR,3,0.961920421238546,0.961920421238546,3.585761909150301,3.585761909150301,0.0,True,0.0,True,8192,12,0.00146484375
227_cpu_small,SVR,4,0.9640349092393512,0.9640349092393512,3.4869619019599005,3.4869619019599005,0.0,True,0.0,True,8192,12,0.00146484375
227_cpu_small,SVR,5,0.962709887604956,0.962709887604956,3.5336355019876624,3.5336355019876624,0.0,True,0.0,True,8192,12,0.00146484375
294_satellite_image,DT,0,0.8303381837991157,0.8303381837991157,0.9108106959035572,0.9108106959035572,0.0,True,0.0,True,6435,36,0.005594405594405594
294_satellite_image,DT,1,0.8212531915547714,0.8212531915547714,0.9344267498395336,0.9344267498395336,0.0,True,0.0,True,6435,36,0.005594405594405594
294_satellite_image,DT,2,0.8103714072862778,0.8103714072862778,0.961833354290806,0.961833354290806,0.0,True,0.0,True,6435,36,0.005594405594405594
294_satellite_image,DT,3,0.8271236872615503,0.8271236872615503,0.9191121103432274,0.9191121103432274,0.0,True,0.0,True,6435,36,0.005594405594405594
294_satellite_image,DT,4,0.8061318163578365,0.8106078917295624,0.9746034486196749,0.9632829492187258,0.004476075371725896,False,1.1615492862232524,False,6435,36,0.005594405594405594
294_satellite_image,DT,5,0.8137904837265026,0.8135004264257777,0.9528044893777192,0.9534778522548484,-0.00029005730072495517,False,-0.0706716734268259,False,6435,36,0.005594405594405594
294_satellite_image,KNN,0,0.9061038351445918,0.9070982644209769,0.6783084719064805,0.6746790082239185,0.0009944292763850449,False,0.5350756820655495,False,6435,36,0.005594405594405594
294_satellite_image,KNN,1,0.9027867147762576,0.9046451802263252,0.6893655232472631,0.6825320158210042,0.0018584654500676256,False,0.9912749036345151,False,6435,36,0.005594405594405594
294_satellite_image,KNN,2,0.9028849292547232,0.9052288417614064,0.688928109863302,0.6808609438176239,0.002343912506683199,False,1.1709735646116748,False,6435,36,0.005594405594405594
294_satellite_image,KNN,3,0.9041504880090176,0.9072295077483864,0.6845067871588397,0.6728112708995582,0.003079019739368749,False,1.7086048639233746,False,6435,36,0.005594405594405594
294_satellite_image,KNN,4,0.9037807967268904,0.9052471318929822,0.6864987352265071,0.6813139162540318,0.0014663351660918478,False,0.7552554296789112,False,6435,36,0.005594405594405594
294_satellite_image,KNN,5,0.903825634342253,0.90487178137028,0.6861946579504156,0.6824860380320706,0.001046147028026967,False,0.5404617881203192,False,6435,36,0.005594405594405594
294_satellite_image,LR,0,0.6995074864564771,0.6995074864564771,1.213488742938944,1.213488742938944,0.0,True,0.0,True,6435,36,0.005594405594405594
294_satellite_image,LR,1,0.6998288442561519,0.6998288442561519,1.2122217111006652,1.2122217111006652,0.0,True,0.0,True,6435,36,0.005594405594405594
294_satellite_image,LR,2,0.698969207732662,0.698969207732662,1.2135972325034206,1.2135972325034206,0.0,True,0.0,True,6435,36,0.005594405594405594
294_satellite_image,LR,3,0.7002471869045059,0.7002471869045059,1.2117118250844618,1.2117118250844618,0.0,True,0.0,True,6435,36,0.005594405594405594
294_satellite_image,LR,4,0.6989357826033952,0.6989357826033952,1.2145528001838144,1.2145528001838144,0.0,True,0.0,True,6435,36,0.005594405594405594
294_satellite_image,LR,5,0.6989885095991,0.6989885095991,1.214206864865825,1.214206864865825,0.0,True,0.0,True,6435,36,0.005594405594405594
294_satellite_image,RF,0,0.9012974792598188,0.9012974792598188,0.6954232574185484,0.6954232574185484,0.0,True,0.0,True,6435,36,0.005594405594405594
294_satellite_image,RF,1,0.9009718761684616,0.9009950596638908,0.6954492491635109,0.6953657845427521,2.3183495429179857e-05,False,0.01200154013527261,False,6435,36,0.005594405594405594
294_satellite_image,RF,2,0.8999465096892484,0.8999465096892484,0.6997701922525182,0.6997701922525182,0.0,True,0.0,True,6435,36,0.005594405594405594
294_satellite_image,RF,3,0.9002997489769008,0.9007930923387188,0.6982145906637046,0.6963955549777696,0.0004933433618180549,False,0.2605267363728208,False,6435,36,0.005594405594405594
294_satellite_image,RF,4,0.8998398374765866,0.8998737824690861,0.7005231040258822,0.7004027732509217,3.3944992499534976e-05,False,0.01717727427817943,False,6435,36,0.005594405594405594
294_satellite_image,RF,5,0.9022138255103732,0.9022138255103732,0.6916254485385499,0.6916254485385499,0.0,True,0.0,True,6435,36,0.005594405594405594
294_satellite_image,SVR,0,0.8889599006543882,0.8889599006543882,0.737558569622271,0.737558569622271,0.0,True,0.0,True,6435,36,0.005594405594405594
294_satellite_image,SVR,1,0.8884923961397776,0.8884923961397776,0.7377413115758074,0.7377413115758074,0.0,True,0.0,True,6435,36,0.005594405594405594
294_satellite_image,SVR,2,0.8872484090053644,0.8872484090053644,0.7428047974541646,0.7428047974541646,0.0,True,0.0,True,6435,36,0.005594405594405594
294_satellite_image,SVR,3,0.886648570239792,0.886648570239792,0.7446389802155117,0.7446389802155117,0.0,True,0.0,True,6435,36,0.005594405594405594
294_satellite_image,SVR,4,0.888016971776161,0.888016971776161,0.7406049514057766,0.7406049514057766,0.0,True,0.0,True,6435,36,0.005594405594405594
294_satellite_image,SVR,5,0.8869308102205526,0.8869308102205526,0.7438614542945329,0.7438614542945329,0.0,True,0.0,True,6435,36,0.005594405594405594
503_wind,DT,0,0.6918637958905951,0.6918637958905951,3.71541100796082,3.71541100796082,0.0,True,0.0,True,6574,14,0.0021296014602981443
503_wind,DT,1,0.6903125812041062,0.6903125812041062,3.723992404555943,3.723992404555943,0.0,True,0.0,True,6574,14,0.0021296014602981443
503_wind,DT,2,0.6930910692735314,0.6930910692735314,3.70740319727068,3.70740319727068,0.0,True,0.0,True,6574,14,0.0021296014602981443
503_wind,DT,3,0.6894685750634799,0.6894685750634799,3.729404857571889,3.729404857571889,0.0,True,0.0,True,6574,14,0.0021296014602981443
503_wind,DT,4,0.6912601863809106,0.6912601863809106,3.720336352462534,3.720336352462534,0.0,True,0.0,True,6574,14,0.0021296014602981443
503_wind,DT,5,0.6940834364769645,0.6940834364769645,3.701619085683898,3.701619085683898,0.0,True,0.0,True,6574,14,0.0021296014602981443
503_wind,KNN,0,0.7501624501124858,0.7501628504166458,3.3449133070553447,3.3445454428466075,4.0030415993097535e-07,False,0.01099772026860362,False,6574,14,0.0021296014602981443
503_wind,KNN,1,0.7485538909564222,0.7485538909564222,3.3555808092986306,3.3555808092986306,0.0,True,0.0,True,6574,14,0.0021296014602981443
503_wind,KNN,2,0.7478690687911422,0.7481117848241682,3.359114853913763,3.357412319051205,0.00024271603302594702,False,0.0506840324490382,False,6574,14,0.0021296014602981443
503_wind,KNN,3,0.7488124071518012,0.7488124071518012,3.3548995274276443,3.3548995274276443,0.0,True,0.0,True,6574,14,0.0021296014602981443
503_wind,KNN,4,0.746959536113851,0.7485140125393859,3.368010026082894,3.357676829130997,0.0015544764255348564,False,0.3068042218364477,False,6574,14,0.0021296014602981443
503_wind,KNN,5,0.7469470787851162,0.7472986872856604,3.3668357854865008,3.3645548804832828,0.0003516085005441649,False,0.06774625044233915,False,6574,14,0.0021296014602981443
503_wind,LR,0,0.7581288868147336,0.7581288868147336,3.291233037600977,3.291233037600977,0.0,True,0.0,True,6574,14,0.0021296014602981443
503_wind,LR,1,0.7586018519349857,0.7586018519349857,3.287862119338852,3.287862119338852,0.0,True,0.0,True,6574,14,0.0021296014602981443
503_wind,LR,2,0.758169057841562,0.758169057841562,3.2900736756933395,3.2900736756933395,0.0,True,0.0,True,6574,14,0.0021296014602981443
503_wind,LR,3,0.7585362614495275,0.7585362614495275,3.288468074632981,3.288468074632981,0.0,True,0.0,True,6574,14,0.0021296014602981443
503_wind,LR,4,0.7584134955817742,0.7584134955817742,3.2909470262111498,3.2909470262111498,0.0,True,0.0,True,6574,14,0.0021296014602981443
503_wind,LR,5,0.7583114645237108,0.7583114645237108,3.2901362261427947,3.2901362261427947,0.0,True,0.0,True,6574,14,0.0021296014602981443
503_wind,RF,0,0.778067882206515,0.778067882206515,3.153044514074463,3.153044514074463,0.0,True,0.0,True,6574,14,0.0021296014602981443
503_wind,RF,1,0.7808582247220606,0.7808582247220606,3.1328214911973364,3.1328214911973364,0.0,True,0.0,True,6574,14,0.0021296014602981443
503_wind,RF,2,0.7800632338722187,0.7800632338722187,3.1373626257393368,3.1373626257393368,0.0,True,0.0,True,6574,14,0.0021296014602981443
503_wind,RF,3,0.7781123031708556,0.7781123031708556,3.153165712603224,3.153165712603224,0.0,True,0.0,True,6574,14,0.0021296014602981443
503_wind,RF,4,0.7799855100056483,0.7802464503757205,3.140469905710124,3.1385874082125125,0.0002609403700721824,False,0.05994317901881125,False,6574,14,0.0021296014602981443
503_wind,RF,5,0.7802008215048428,0.7802008215048428,3.137585008125165,3.137585008125165,0.0,True,0.0,True,6574,14,0.0021296014602981443
503_wind,SVR,0,0.796843166769772,0.796843166769772,3.0165807021610056,3.0165807021610056,0.0,True,0.0,True,6574,14,0.0021296014602981443
503_wind,SVR,1,0.796707466998047,0.796707466998047,3.017710559526672,3.017710559526672,0.0,True,0.0,True,6574,14,0.0021296014602981443
503_wind,SVR,2,0.7951838699390523,0.7951838699390523,3.0277234666888697,3.0277234666888697,0.0,True,0.0,True,6574,14,0.0021296014602981443
503_wind,SVR,3,0.7965886597075198,0.7965886597075198,3.0190123401959097,3.0190123401959097,0.0,True,0.0,True,6574,14,0.0021296014602981443
503_wind,SVR,4,0.7969207213734899,0.7969207213734899,3.017277380495184,3.017277380495184,0.0,True,0.0,True,6574,14,0.0021296014602981443
503_wind,SVR,5,0.7962660060829052,0.7962660060829052,3.0200866035446587,3.0200866035446587,0.0,True,0.0,True,6574,14,0.0021296014602981443
505_tecator,DT,0,0.9800249972770028,0.98064599111036,2.0164945529604554,1.977123913630592,0.0006209938333572307,False,1.9524297386304659,False,240,124,0.5166666666666667
505_tecator,DT,1,0.97750183228318,0.9789121101929782,2.096461166533132,2.0399854537046727,0.0014102779097981966,False,2.6938592390839156,False,240,124,0.5166666666666667
505_tecator,DT,2,0.9765810078781128,0.978379863339766,1.9796900002335247,1.9442612023688,0.0017988554616532593,False,1.7896134172797538,False,240,124,0.5166666666666667
505_tecator,DT,3,0.9807789963141488,0.981723575579664,1.905235127753348,1.871612585841858,0.0009445792655152774,False,1.764745013448163,False,240,124,0.5166666666666667
505_tecator,DT,4,0.9807730004319516,0.982707735484726,1.9611321024755188,1.8576518027194604,0.0019347350527744167,False,5.276559372284825,False,240,124,0.5166666666666667
505_tecator,DT,5,0.974634995521025,0.9756316190277065,2.2270993137324524,2.1896775269912685,0.0009966235066815043,False,1.680292679829701,False,240,124,0.5166666666666667
505_tecator,KNN,0,0.8592285754153803,0.8592285754153803,5.307825552957204,5.307825552957204,0.0,True,0.0,True,240,124,0.5166666666666667
505_tecator,KNN,1,0.8577376846757279,0.862654028602539,5.355887399152737,5.273356427527773,0.004916343926811173,False,1.5409392594403615,False,240,124,0.5166666666666667
505_tecator,KNN,2,0.8214680377254613,0.8214680377254613,5.847119280590526,5.847119280590526,0.0,True,0.0,True,240,124,0.5166666666666667
505_tecator,KNN,3,0.8423279089642726,0.8423279089642726,5.657709343093913,5.657709343093913,0.0,True,0.0,True,240,124,0.5166666666666667
505_tecator,KNN,4,0.8254130245391391,0.8254130245391391,5.9276545127272895,5.9276545127272895,0.0,True,0.0,True,240,124,0.5166666666666667
505_tecator,KNN,5,0.8370273779339659,0.8370273779339659,5.710976392192182,5.710976392192182,0.0,True,0.0,True,240,124,0.5166666666666667
505_tecator,LR,0,0.857001669085039,0.9754375829092424,4.188035542848848,1.956888755887256,0.11843591382420338,False,53.274304005640985,False,240,124,0.5166666666666667
505_tecator,LR,1,0.8626570476275608,0.9868078769279718,3.5080481470885285,1.530222035745888,0.12415082930041099,False,56.37967406416924,False,240,124,0.5166666666666667
505_tecator,LR,2,0.8314609357431737,0.9830489353826058,4.272225152987435,1.642071833109878,0.15158799963943215,False,61.56401466899215,False,240,124,0.5166666666666667
505_tecator,LR,3,0.7089254379403911,0.9896422439452172,6.229846293752541,1.3711192556498897,0.28071680600482607,False,77.99112223643647,False,240,124,0.5166666666666667
505_tecator,LR,4,0.986345161335572,0.9863451611355736,1.554898527426664,1.5548985387058385,0.0,True,-7.253961775858605e-07,False,240,124,0.5166666666666667
505_tecator,LR,5,0.7211008465860806,0.9900221796157838,5.826533092941238,1.407163535479957,0.2689213330297031,False,75.8490424231055,False,240,124,0.5166666666666667
505_tecator,RF,0,0.988918563395156,0.9889664775718516,1.4741963387741666,1.4705352528582325,4.791417669558484e-05,False,0.2483445264135135,False,240,124,0.5166666666666667
505_tecator,RF,1,0.9889417072628846,0.9890773653212244,1.4643494768742067,1.4581991074383442,0.00013565805833981592,False,0.4200069404873893,False,240,124,0.5166666666666667
505_tecator,RF,2,0.9886503192747752,0.9890325048452884,1.4752496084199955,1.4542976187793974,0.0003821855705131716,False,1.4202335334315277,False,240,124,0.5166666666666667
505_tecator,RF,3,0.9887192987294072,0.988805918132204,1.4835104425648962,1.474966376750829,8.66194027967504e-05,False,0.5759356704827127,False,240,124,0.5166666666666667
505_tecator,RF,4,0.9880170979181384,0.9878663229934244,1.5533617819063168,1.5619389000369956,-0.00015077492471404774,False,-0.5521648743123344,False,240,124,0.5166666666666667
505_tecator,RF,5,0.9885634757177898,0.9886925088452232,1.4949635984085694,1.4856234682412115,0.0001290331274333978,False,0.6247730832577286,False,240,124,0.5166666666666667
505_tecator,SVR,0,0.9917247219827428,0.9922138860243896,1.2684888363752955,1.2194889785035157,0.0004891640416468945,False,3.8628529054931895,False,240,124,0.5166666666666667
505_tecator,SVR,1,0.9927044558904208,0.9927044558904208,1.1979092116507275,1.1979092116507275,0.0,True,0.0,True,240,124,0.5166666666666667
505_tecator,SVR,2,0.9935551064823483,0.994020741465462,1.1162943762491548,1.0836240579627672,0.0004656349831136941,False,2.9266758824104038,False,240,124,0.5166666666666667
505_tecator,SVR,3,0.9921619704499468,0.9924902740132768,1.240472729335573,1.2060331222143417,0.00032830356333002353,False,2.776329241810747,False,240,124,0.5166666666666667
505_tecator,SVR,4,0.9924809776983728,0.99280313696735,1.2035720181992997,1.1659578236573922,0.0003221592689771624,False,3.1252134457382312,False,240,124,0.5166666666666667
505_tecator,SVR,5,0.9928308250981814,0.9930712067120944,1.2030395726470364,1.182727679059043,0.00024038161391293222,False,1.688381167986127,False,240,124,0.5166666666666667
529_pollen,DT,0,0.6482658293121375,0.6482658293121375,1.86399261431509,1.86399261431509,0.0,True,0.0,True,3848,4,0.0010395010395010396
529_pollen,DT,1,0.6582871269362425,0.6582871269362425,1.837070050189476,1.837070050189476,0.0,True,0.0,True,3848,4,0.0010395010395010396
529_pollen,DT,2,0.6381648476295553,0.6381648476295553,1.8877373980445376,1.8877373980445376,0.0,True,0.0,True,3848,4,0.0010395010395010396
529_pollen,DT,3,0.6289386068765193,0.6289386068765193,1.91173922336207,1.91173922336207,0.0,True,0.0,True,3848,4,0.0010395010395010396
529_pollen,DT,4,0.6392501605837474,0.6392501605837474,1.8852102372737467,1.8852102372737467,0.0,True,0.0,True,3848,4,0.0010395010395010396
529_pollen,DT,5,0.6548034141314002,0.6548034141314002,1.8450860459093,1.8450860459093,0.0,True,0.0,True,3848,4,0.0010395010395010396
529_pollen,KNN,0,0.6956724621676807,0.6969363146177884,1.733955023620218,1.7304095151203045,0.0012638524501076276,False,0.20447522868909082,False,3848,4,0.0010395010395010396
529_pollen,KNN,1,0.6960251292882778,0.6970153004969057,1.7331160485886286,1.7303440694589205,0.000990171208627988,False,0.1599419226407506,False,3848,4,0.0010395010395010396
529_pollen,KNN,2,0.6922140140421112,0.6933049274577623,1.7419703594155878,1.7388514206294146,0.0010909134156510403,False,0.1790466048583954,False,3848,4,0.0010395010395010396
529_pollen,KNN,3,0.6873968895484072,0.6879123841600759,1.7545422425998627,1.75312651047762,0.0005154946116687764,False,0.08068954328195353,False,3848,4,0.0010395010395010396
529_pollen,KNN,4,0.6976792187053156,0.6979040380618379,1.7284369271607745,1.7276997881547784,0.0002248193565222989,False,0.04264772375622059,False,3848,4,0.0010395010395010396
529_pollen,KNN,5,0.6911553312743666,0.6927678400522237,1.7455761094583169,1.7408562667299905,0.0016125087778571245,False,0.2703888247984228,False,3848,4,0.0010395010395010396
529_pollen,LR,0,0.7932031990359905,0.7932031990359905,1.4292777489699682,1.4292777489699682,0.0,True,0.0,True,3848,4,0.0010395010395010396
529_pollen,LR,1,0.7935519201775678,0.7935519201775678,1.4280231974113695,1.4280231974113695,0.0,True,0.0,True,3848,4,0.0010395010395010396
529_pollen,LR,2,0.792808586501256,0.7927878744704762,1.4278930434545258,1.4279668651818225,-2.0712030779801438e-05,False,-0.005169975975094263,False,3848,4,0.0010395010395010396
529_pollen,LR,3,0.792426150442849,0.792426150442849,1.4291276246364313,1.4291276246364313,0.0,True,0.0,True,3848,4,0.0010395010395010396
529_pollen,LR,4,0.7931491237034944,0.7931652943649445,1.4284830381421254,1.428427980808467,1.6170661450098933e-05,False,0.0038542518313700713,False,3848,4,0.0010395010395010396
529_pollen,LR,5,0.7931375167275138,0.7931344292129888,1.427861592353152,1.4278733519272515,-3.0875145249353864e-06,False,-0.0008235794115185346,False,3848,4,0.0010395010395010396
529_pollen,RF,0,0.7563216087686375,0.7563216087686375,1.5515234060250416,1.5515234060250416,0.0,True,0.0,True,3848,4,0.0010395010395010396
529_pollen,RF,1,0.7624980071187742,0.7627977085538155,1.5314778295383105,1.5305458072315463,0.00029970143504121083,False,0.060857708076983395,False,3848,4,0.0010395010395010396
529_pollen,RF,2,0.7596131680807313,0.7596131680807313,1.538755075475377,1.538755075475377,0.0,True,0.0,True,3848,4,0.0010395010395010396
529_pollen,RF,3,0.7562747694317158,0.756562042919189,1.5485720701696588,1.547688765393393,0.00028727348747326076,False,0.05703995269454745,False,3848,4,0.0010395010395010396
529_pollen,RF,4,0.759271938729758,0.7593490821747788,1.5419120349162931,1.541666886461136,7.714344502085524e-05,False,0.015898990967433208,False,3848,4,0.0010395010395010396
529_pollen,RF,5,0.7603968415653672,0.76062905322455,1.537278288725631,1.5365344331997428,0.0002322116591827461,False,0.048387824855376856,False,3848,4,0.0010395010395010396
529_pollen,SVR,0,0.7927913716037205,0.792811930603377,1.4307492660878989,1.4306785230670669,2.0558999656472565e-05,False,0.004944473676049462,False,3848,4,0.0010395010395010396
529_pollen,SVR,1,0.7933303736760853,0.7933255130410896,1.4288115780097772,1.4288265323084643,-4.860634995718094e-06,False,-0.0010466249656215841,False,3848,4,0.0010395010395010396
529_pollen,SVR,2,0.7926697875932238,0.7926699411222705,1.4283965644422043,1.4283962575950546,1.5352904669807543e-07,False,2.1481929971529282e-05,False,3848,4,0.0010395010395010396
529_pollen,SVR,3,0.7921147595142766,0.7921397084390667,1.4301727297195712,1.4300907545596302,2.4948924790102467e-05,False,0.005731836318616599,False,3848,4,0.0010395010395010396
529_pollen,SVR,4,0.7929877833074019,0.7929963964085214,1.4291448965666875,1.4291156221172998,8.613101119436806e-06,False,0.00204838917719574,False,3848,4,0.0010395010395010396
529_pollen,SVR,5,0.7928082533024601,0.7928213730623088,1.4289638969181573,1.428920414522857,1.311975984874536e-05,False,0.003042931692967575,False,3848,4,0.0010395010395010396
537_houses,DT,0,0.700267444941705,0.700267444941705,63163.94288293216,63163.94288293216,0.0,True,0.0,True,20640,8,0.0003875968992248062
537_houses,DT,1,0.7025215825550434,0.7025215825550434,62921.117363606514,62921.117363606514,0.0,True,0.0,True,20640,8,0.0003875968992248062
537_houses,DT,2,0.7083489177912516,0.7083489177912516,62303.50648021168,62303.50648021168,0.0,True,0.0,True,20640,8,0.0003875968992248062
537_houses,DT,3,0.7108939193986376,0.7108939193986376,62037.93683635007,62037.93683635007,0.0,True,0.0,True,20640,8,0.0003875968992248062
537_houses,DT,4,0.7058763661663492,0.7058763661663492,62559.25547808361,62559.25547808361,0.0,True,0.0,True,20640,8,0.0003875968992248062
537_houses,DT,5,0.6958925488596694,0.6958925488596694,63610.10790947726,63610.10790947726,0.0,True,0.0,True,20640,8,0.0003875968992248062
537_houses,KNN,0,0.7271964403581934,0.727286727742327,60262.74752074763,60252.41370072745,9.028738413363602e-05,False,0.017147940386597123,False,20640,8,0.0003875968992248062
537_houses,KNN,1,0.7272676948637266,0.7278695058924834,60244.872635385895,60179.19362524861,0.0006018110287568934,False,0.10902008297832282,False,20640,8,0.0003875968992248062
537_houses,KNN,2,0.7272666019391052,0.7281714093989674,60243.127268278986,60142.90511413183,0.0009048074598622113,False,0.16636280135465506,False,20640,8,0.0003875968992248062
537_houses,KNN,3,0.7280677132876525,0.7285723365414942,60170.60312777836,60114.964683163664,0.0005046232538417073,False,0.09246781937110496,False,20640,8,0.0003875968992248062
537_houses,KNN,4,0.7267731695767835,0.7265757710231958,60301.34131864156,60323.40394032297,-0.00019739855358769098,False,-0.036587281806602416,False,20640,8,0.0003875968992248062
537_houses,KNN,5,0.7263735595605723,0.7264699982742013,60348.04629383077,60335.57000486595,9.643871362907674e-05,False,0.020673890425669878,False,20640,8,0.0003875968992248062
537_houses,LR,0,0.6357031903861189,0.6357031903861189,69636.41545660244,69636.41545660244,0.0,True,0.0,True,20640,8,0.0003875968992248062
537_houses,LR,1,0.6358537903516482,0.6358537903516482,69617.29935334,69617.29935334,0.0,True,0.0,True,20640,8,0.0003875968992248062
537_houses,LR,2,0.6361451328337291,0.6361451328337291,69584.85794023916,69584.85794023916,0.0,True,0.0,True,20640,8,0.0003875968992248062
537_houses,LR,3,0.6346032631360365,0.6346032631360365,69740.80106707301,69740.80106707301,0.0,True,0.0,True,20640,8,0.0003875968992248062
537_houses,LR,4,0.6357041647669041,0.6357041647669041,69632.38331187966,69632.38331187966,0.0,True,0.0,True,20640,8,0.0003875968992248062
537_houses,LR,5,0.6360654965658046,0.6360654965658046,69603.92287591146,69603.92287591146,0.0,True,0.0,True,20640,8,0.0003875968992248062
537_houses,RF,0,0.8177735994549393,0.8177735994549393,49254.41833498683,49254.41833498683,0.0,True,0.0,True,20640,8,0.0003875968992248062
537_houses,RF,1,0.8190777559426387,0.8190777559426387,49074.24869516498,49074.24869516498,0.0,True,0.0,True,20640,8,0.0003875968992248062
537_houses,RF,2,0.8201811250498567,0.8201811250498567,48914.51628697203,48914.51628697203,0.0,True,0.0,True,20640,8,0.0003875968992248062
537_houses,RF,3,0.8203724148664204,0.8203724148664204,48896.36583146322,48896.36583146322,0.0,True,0.0,True,20640,8,0.0003875968992248062
537_houses,RF,4,0.8212652539374872,0.8212652539374872,48773.68543758237,48773.68543758237,0.0,True,0.0,True,20640,8,0.0003875968992248062
537_houses,RF,5,0.8186162549002595,0.8186162549002595,49132.8352898903,49132.8352898903,0.0,True,0.0,True,20640,8,0.0003875968992248062
537_houses,SVR,0,0.7746239836236893,0.7746239836236893,54776.92266878596,54776.92266878596,0.0,True,0.0,True,20640,8,0.0003875968992248062
537_houses,SVR,1,0.7727071979777629,0.7740641641141777,54982.91355561762,54821.307280593945,0.0013569661364147834,False,0.29392090119088077,False,20640,8,0.0003875968992248062
537_houses,SVR,2,0.7712303505015202,0.7719759685846519,55159.99605220126,55073.89940620592,0.0007456180831316717,False,0.15608530122783734,False,20640,8,0.0003875968992248062
537_houses,SVR,3,0.772696245678145,0.772696245678145,55006.98972902221,55006.98972902221,0.0,True,0.0,True,20640,8,0.0003875968992248062
537_houses,SVR,4,0.7719150048901531,0.7736807403624197,55082.36226968477,54876.93139182663,0.0017657354722666607,False,0.3729521926680352,False,20640,8,0.0003875968992248062
537_houses,SVR,5,0.7738297551232525,0.7738297551232525,54867.97385464644,54867.97385464644,0.0,True,0.0,True,20640,8,0.0003875968992248062
542_pollution,DT,0,0.1332138239272671,0.2582292749735658,55.20107756464404,51.62993716563882,0.1250154510462987,False,6.469330956127043,False,60,15,0.25
542_pollution,DT,1,0.0007063565157735,0.0558593418721187,54.383249820349846,55.00015944851782,0.0551529853563452,False,-1.1343743343876644,False,60,15,0.25
542_pollution,DT,2,0.0877418134570978,0.0547289360504613,53.580958698733575,53.33202677325154,-0.033012877406636505,False,0.46459027894907134,False,60,15,0.25
542_pollution,DT,3,-0.2099113847510534,-0.0838425640643602,63.4492687474965,60.572619805420736,0.12606882068669317,False,4.533777928196003,False,60,15,0.25
542_pollution,DT,4,0.2531031014361369,0.4656095567116746,50.37081843421179,42.76036070329277,0.2125064552755377,False,15.108862566644362,False,60,15,0.25
542_pollution,DT,5,-0.0929236516830509,0.1300709498349587,58.59321755246114,53.61136726540684,0.2229946015180096,False,8.502435085756856,False,60,15,0.25
542_pollution,KNN,0,0.3446027846939677,0.3523928865461047,48.82596290751476,48.82553843707946,0.007790101852136966,False,0.0008693539461833004,False,60,15,0.25
542_pollution,KNN,1,0.3586622458509599,0.4046988085401583,45.63497712783622,44.09254113006025,0.04603656268919837,False,3.3799425240319154,False,60,15,0.25
542_pollution,KNN,2,0.2969205784491849,0.3514521828206227,46.06378134540411,45.4604194757364,0.05453160437143778,False,1.3098400783545465,False,60,15,0.25
542_pollution,KNN,3,0.3916180298050764,0.4274346450865571,46.63371210335866,45.33849366656453,0.035816615281480724,False,2.777429413990068,False,60,15,0.25
542_pollution,KNN,4,0.284598731476875,0.34469367151749,49.184036515680695,47.379169737684975,0.060094940040615,False,3.669619059062584,False,60,15,0.25
542_pollution,KNN,5,0.3803912465036287,0.4537819060488322,45.7788639190478,42.94872826225277,0.07339065954520346,False,6.182188491614049,False,60,15,0.25
542_pollution,LR,0,0.3273815017655398,0.4713784416429685,48.46093271730214,42.901336169257945,0.14399693987742868,False,11.472326751274515,False,60,15,0.25
542_pollution,LR,1,0.4613125688823951,0.4613125688823951,42.28623953563036,42.28623953563036,0.0,True,0.0,True,60,15,0.25
542_pollution,LR,2,0.4403135279306697,0.4403135279306697,41.08842258520649,41.08842258520649,0.0,True,0.0,True,60,15,0.25
542_pollution,LR,3,0.4425607677939551,0.5330456667243731,44.220711976102216,40.90280620703943,0.09048489893041806,False,7.503058229491753,False,60,15,0.25
542_pollution,LR,4,0.4798149542030007,0.495799793187886,41.67295304554206,40.78372172849958,0.015984838984885286,False,2.1338332228836494,False,60,15,0.25
542_pollution,LR,5,0.4829812292911818,0.4829812292911818,41.08257007046857,41.08257007046857,0.0,True,0.0,True,60,15,0.25
542_pollution,RF,0,0.4531444322484712,0.4667529440320786,44.63731521808256,44.01290879553244,0.013608511783607447,False,1.3988440377730793,False,60,15,0.25
542_pollution,RF,1,0.4026446129390687,0.4124535416774709,43.89043507823655,43.46133855289732,0.009808928738402167,False,0.9776538431992079,False,60,15,0.25
542_pollution,RF,2,0.4005447359845441,0.4103963278329652,44.14992304578106,43.69288704467645,0.009851591848421104,False,1.035190934830585,False,60,15,0.25
542_pollution,RF,3,0.4979883040051389,0.5062141083496974,42.17917698275119,41.86770957809953,0.008225804344558496,False,0.7384387912050305,False,60,15,0.25
542_pollution,RF,4,0.4619759961620838,0.4759294094356062,42.91028722568868,42.39886462418291,0.013953413273522397,False,1.1918414780491042,False,60,15,0.25
542_pollution,RF,5,0.5263859426836391,0.5329070927505529,40.72880101271184,40.45277339481756,0.006521150066913783,False,0.6777209518348651,False,60,15,0.25
542_pollution,SVR,0,0.4819988254498891,0.5185276498253345,43.18158795361428,41.82906223942214,0.03652882437544541,False,3.132181511353924,False,60,15,0.25
542_pollution,SVR,1,0.5332182091369212,0.5332182091369212,39.44068724408888,39.44068724408888,0.0,True,0.0,True,60,15,0.25
542_pollution,SVR,2,0.3175690364061843,0.4026685765518099,44.98867935233237,43.67807206395064,0.0850995401456256,False,2.9131935127893134,False,60,15,0.25
542_pollution,SVR,3,0.5390196529854521,0.5390196529854521,39.861201736476616,39.861201736476616,0.0,True,0.0,True,60,15,0.25
542_pollution,SVR,4,0.4856532914311726,0.6010383635882909,42.10004385975672,37.28681846610668,0.1153850721571183,False,11.43282750413232,False,60,15,0.25
542_pollution,SVR,5,0.5883531851577228,0.5883531851577228,37.78869490516255,37.78869490516255,0.0,True,0.0,True,60,15,0.25
560_bodyfat,DT,0,0.962646942502876,0.9663473481776036,1.5423772999165666,1.414757176044533,0.003700405674727625,False,8.274248063618225,False,252,14,0.05555555555555555
560_bodyfat,DT,1,0.951612846365111,0.9654401961447576,1.8104519184673853,1.5202425982728502,0.013827349779646614,False,16.029661833836936,False,252,14,0.05555555555555555
560_bodyfat,DT,2,0.9757336709719412,0.973970096883652,1.1691075329212897,1.2069964769659387,-0.0017635740882891993,False,-3.2408433764834808,False,252,14,0.05555555555555555
560_bodyfat,DT,3,0.948588914773827,0.9677386938877826,1.6433037102972323,1.31932191579617,0.019149779113955545,False,19.715271892282296,False,252,14,0.05555555555555555
560_bodyfat,DT,4,0.9705678260473092,0.9702030460544172,1.316303846035299,1.3253452772582626,-0.0003647799928919726,False,-0.6868802556640995,False,252,14,0.05555555555555555
560_bodyfat,DT,5,0.9672716755322625,0.9714065554332988,1.4015596866623807,1.2871247402578814,0.004134879901036337,False,8.16482861868054,False,252,14,0.05555555555555555
560_bodyfat,KNN,0,0.8190692752984086,0.8278010654777254,3.487720518128409,3.421908461099584,0.0087317901793168,False,1.8869647578339002,False,252,14,0.05555555555555555
560_bodyfat,KNN,1,0.7977879142375657,0.8042000941251528,3.626836313318464,3.5681238351704394,0.006412179887587133,False,1.6188345179080927,False,252,14,0.05555555555555555
560_bodyfat,KNN,2,0.8368146216713387,0.8425225685631561,3.3113398828035123,3.24821523118867,0.005707946891817417,False,1.9063174983233198,False,252,14,0.05555555555555555
560_bodyfat,KNN,3,0.8073726621877987,0.8166335469213284,3.620155861134335,3.529055783400344,0.009260884733529706,False,2.516468385022671,False,252,14,0.05555555555555555
560_bodyfat,KNN,4,0.8276955068600151,0.8335970789464031,3.460856536473524,3.3994721340731657,0.005901572086387974,False,1.773676595762809,False,252,14,0.05555555555555555
560_bodyfat,KNN,5,0.8452393330368837,0.8507077266810371,3.2677220035664782,3.2039425909876,0.005468393644153413,False,1.9518004441402264,False,252,14,0.05555555555555555
560_bodyfat,LR,0,0.9735069220806316,0.9735069220806316,1.2866079982524183,1.2866079982524183,0.0,True,0.0,True,252,14,0.05555555555555555
560_bodyfat,LR,1,0.9728857140990476,0.9728857140990476,1.2634980594742595,1.2634980594742595,0.0,True,0.0,True,252,14,0.05555555555555555
560_bodyfat,LR,2,0.973599431752474,0.973599431752474,1.1608554969131957,1.1608554969131957,0.0,True,0.0,True,252,14,0.05555555555555555
560_bodyfat,LR,3,0.9672917825282518,0.9672917825282518,1.2028490848645508,1.2028490848645508,0.0,True,0.0,True,252,14,0.05555555555555555
560_bodyfat,LR,4,0.9690016227860244,0.9690016227860244,1.2743075619871609,1.2743075619871609,0.0,True,0.0,True,252,14,0.05555555555555555
560_bodyfat,LR,5,0.9680958072016554,0.9680958072016554,1.2671328900901513,1.2671328900901513,0.0,True,0.0,True,252,14,0.05555555555555555
560_bodyfat,RF,0,0.9639423495223984,0.965375920566118,1.505921565961537,1.4638876209287743,0.0014335710437195504,False,2.791243978628054,False,252,14,0.05555555555555555
560_bodyfat,RF,1,0.9702519463344228,0.9704180769115354,1.4219052378378765,1.4171652112820992,0.0001661305771125665,False,0.33335741578566236,False,252,14,0.05555555555555555
560_bodyfat,RF,2,0.9749426185213924,0.9759198158583788,1.1812254378139873,1.1353789104161716,0.000977197336986424,False,3.8812682092810933,False,252,14,0.05555555555555555
560_bodyfat,RF,3,0.9674937624250736,0.9682092396207996,1.2951548562929898,1.285092990167735,0.0007154771957260664,False,0.7768851791247526,False,252,14,0.05555555555555555
560_bodyfat,RF,4,0.9704036495163124,0.9709280533852258,1.2859120721515214,1.2785347453540623,0.0005244038689133923,False,0.5737038291518408,False,252,14,0.05555555555555555
560_bodyfat,RF,5,0.964353760247952,0.9640920063958928,1.4348534496666476,1.4418979198024555,-0.0002617538520592877,False,-0.49095398121978917,False,252,14,0.05555555555555555
560_bodyfat,SVR,0,0.9771462674688932,0.9775673239240676,1.190482396347114,1.1776910178381763,0.0004210564551744289,False,1.0744701936111711,False,252,14,0.05555555555555555
560_bodyfat,SVR,1,0.976516101619566,0.9763426553526996,1.1637618263233722,1.175018118344538,-0.00017344626686643938,False,-0.9672333089604268,False,252,14,0.05555555555555555
560_bodyfat,SVR,2,0.9762388214980676,0.9775674015655856,1.057069267735888,1.030261642352602,0.0013285800675180148,False,2.5360329924929594,False,252,14,0.05555555555555555
560_bodyfat,SVR,3,0.9686742345459736,0.9724303142522418,1.1249426189405305,1.0791260617311358,0.003756079706268234,False,4.072790597314615,False,252,14,0.05555555555555555
560_bodyfat,SVR,4,0.9731817829142516,0.9731817829142516,1.17501242066986,1.17501242066986,0.0,True,0.0,True,252,14,0.05555555555555555
560_bodyfat,SVR,5,0.968522273252999,0.9718581237955846,1.2396541066956326,1.195377490665444,0.003335850542585561,False,3.5716911508654956,False,252,14,0.05555555555555555
564_fried,DT,0,0.8446970330331971,0.8446970330331971,1.9691329494369063,1.9691329494369063,0.0,True,0.0,True,40768,10,0.0002452904238618524
564_fried,DT,1,0.8427722824204473,0.8427722824204473,1.9812754824417795,1.9812754824417795,0.0,True,0.0,True,40768,10,0.0002452904238618524
564_fried,DT,2,0.8448470295759068,0.8448470295759068,1.96816021425398,1.96816021425398,0.0,True,0.0,True,40768,10,0.0002452904238618524
564_fried,DT,3,0.8444256971584945,0.8444256971584945,1.970775818269313,1.970775818269313,0.0,True,0.0,True,40768,10,0.0002452904238618524
564_fried,DT,4,0.8442612658274766,0.8442612658274766,1.9716750282808368,1.9716750282808368,0.0,True,0.0,True,40768,10,0.0002452904238618524
564_fried,DT,5,0.8440126602096731,0.8440126602096731,1.973489982877664,1.973489982877664,0.0,True,0.0,True,40768,10,0.0002452904238618524
564_fried,KNN,0,0.8621071383646896,0.8621071383646896,1.855425029198681,1.855425029198681,0.0,True,0.0,True,40768,10,0.0002452904238618524
564_fried,KNN,1,0.8620448575632612,0.8620448575632612,1.8558163156137728,1.8558163156137728,0.0,True,0.0,True,40768,10,0.0002452904238618524
564_fried,KNN,2,0.8616074432385141,0.8616074432385141,1.8588487116468664,1.8588487116468664,0.0,True,0.0,True,40768,10,0.0002452904238618524
564_fried,KNN,3,0.8624813919797204,0.8624813919797204,1.853000941177556,1.853000941177556,0.0,True,0.0,True,40768,10,0.0002452904238618524
564_fried,KNN,4,0.8621997312827144,0.8621997312827144,1.8546903497779128,1.8546903497779128,0.0,True,0.0,True,40768,10,0.0002452904238618524
564_fried,KNN,5,0.8618331596358683,0.8618331596358683,1.8574369106087385,1.8574369106087385,0.0,True,0.0,True,40768,10,0.0002452904238618524
564_fried,LR,0,0.7226103666046935,0.7226574022252482,2.631431929226348,2.631210896882441,4.7035620554747304e-05,False,0.008399698333519015,False,40768,10,0.0002452904238618524
564_fried,LR,1,0.722631926807876,0.722631926807876,2.6312996408883023,2.6312996408883023,0.0,True,0.0,True,40768,10,0.0002452904238618524
564_fried,LR,2,0.7227259333894066,0.7227259333894066,2.6311238230026666,2.6311238230026666,0.0,True,0.0,True,40768,10,0.0002452904238618524
564_fried,LR,3,0.7226290926601613,0.7226840881219865,2.6316215806945435,2.631358945142546,5.499546182519133e-05,False,0.0099799892934509,False,40768,10,0.0002452904238618524
564_fried,LR,4,0.7224778046587349,0.7224778046587349,2.6318513423058056,2.6318513423058056,0.0,True,0.0,True,40768,10,0.0002452904238618524
564_fried,LR,5,0.7226864473329031,0.7226864473329031,2.6314018043228105,2.6314018043228105,0.0,True,0.0,True,40768,10,0.0002452904238618524
564_fried,RF,0,0.9338528025730856,0.9338528025730856,1.2849632062126153,1.2849632062126153,0.0,True,0.0,True,40768,10,0.0002452904238618524
564_fried,RF,1,0.9338213904760382,0.9338213904760382,1.2853398352338357,1.2853398352338357,0.0,True,0.0,True,40768,10,0.0002452904238618524
564_fried,RF,2,0.9336293334807872,0.9336293334807872,1.287251741772458,1.287251741772458,0.0,True,0.0,True,40768,10,0.0002452904238618524
564_fried,RF,3,0.9338400310871005,0.9338400310871005,1.285215238377051,1.285215238377051,0.0,True,0.0,True,40768,10,0.0002452904238618524
564_fried,RF,4,0.9334339245109884,0.9334339245109884,1.2888873918938992,1.2888873918938992,0.0,True,0.0,True,40768,10,0.0002452904238618524
564_fried,RF,5,0.9337544413668162,0.9337544413668162,1.2861103030449637,1.2861103030449637,0.0,True,0.0,True,40768,10,0.0002452904238618524
564_fried,SVR,0,0.9550696979347592,0.9550696979347592,1.0591343580849977,1.0591343580849977,0.0,True,0.0,True,40768,10,0.0002452904238618524
564_fried,SVR,1,0.9552828179384516,0.9552828179384516,1.0565832059196771,1.0565832059196771,0.0,True,0.0,True,40768,10,0.0002452904238618524
564_fried,SVR,2,0.9549338427629744,0.9549338427629744,1.060730761116882,1.060730761116882,0.0,True,0.0,True,40768,10,0.0002452904238618524
564_fried,SVR,3,0.9552581892247732,0.9552581892247732,1.0569381121146535,1.0569381121146535,0.0,True,0.0,True,40768,10,0.0002452904238618524
564_fried,SVR,4,0.9549557789217166,0.9549557789217166,1.060294762797778,1.060294762797778,0.0,True,0.0,True,40768,10,0.0002452904238618524
564_fried,SVR,5,0.9549777079659376,0.9549777079659376,1.0602239871259476,1.0602239871259476,0.0,True,0.0,True,40768,10,0.0002452904238618524
574_house_16H,DT,0,0.395367458915047,0.3998609502760849,41075.80949526094,40922.72234877852,0.004493491361037938,False,0.3726941680846924,False,22784,16,0.0007022471910112359
574_house_16H,DT,1,0.4128472986745981,0.4098378467695275,40460.90797284101,40564.012573450615,-0.0030094519050705704,False,-0.25482522705327215,False,22784,16,0.0007022471910112359
574_house_16H,DT,2,0.3827629893977155,0.384263617640863,41461.58944234149,41444.34030749687,0.0015006282431474505,False,0.041602685947695325,False,22784,16,0.0007022471910112359
574_house_16H,DT,3,0.3975529372618952,0.3988548066273857,41008.15282439852,40963.4636722354,0.0013018693654904823,False,0.10897626224348585,False,22784,16,0.0007022471910112359
574_house_16H,DT,4,0.3910865247419788,0.4121194956500537,41191.94137888921,40456.0924569886,0.021032970908074877,False,1.7863904862656856,False,22784,16,0.0007022471910112359
574_house_16H,DT,5,0.392770537075915,0.392770537075915,41156.26046610306,41156.26046610306,0.0,True,0.0,True,22784,16,0.0007022471910112359
574_house_16H,KNN,0,0.5437030425160718,0.5459520992994222,35692.362380262144,35604.39616305733,0.0022490567833504116,False,0.2464566964428705,False,22784,16,0.0007022471910112359
574_house_16H,KNN,1,0.540110570888189,0.5412606641665272,35812.497185189335,35765.11488632527,0.001150093278338149,False,0.1323066040858586,False,22784,16,0.0007022471910112359
574_house_16H,KNN,2,0.5424624583218283,0.5438634501278015,35737.410073276274,35684.43194874206,0.0014009918059731952,False,0.1482427641667085,False,22784,16,0.0007022471910112359
574_house_16H,KNN,3,0.5422563258500959,0.5431818946625403,35729.195529056524,35693.589593895435,0.0009255688124444328,False,0.09965501499224355,False,22784,16,0.0007022471910112359
574_house_16H,KNN,4,0.542755009008207,0.5444743556672637,35719.279625913834,35654.63443816068,0.0017193466590567086,False,0.18098121919080262,False,22784,16,0.0007022471910112359
574_house_16H,KNN,5,0.542631059163636,0.54302067403675,35720.3742268698,35705.134363123856,0.0003896148731140636,False,0.04266434514137073,False,22784,16,0.0007022471910112359
574_house_16H,LR,0,0.2564576930840914,0.2564576930840914,45550.52612214224,45550.52612214224,0.0,True,0.0,True,22784,16,0.0007022471910112359
574_house_16H,LR,1,0.2585055903750747,0.2585055903750747,45486.19526555861,45486.19526555861,0.0,True,0.0,True,22784,16,0.0007022471910112359
574_house_16H,LR,2,0.2474080898816496,0.2474080898816496,45837.970224328994,45837.970224328994,0.0,True,0.0,True,22784,16,0.0007022471910112359
574_house_16H,LR,3,0.2516439484531375,0.2516439484531375,45701.49162553753,45701.49162553753,0.0,True,0.0,True,22784,16,0.0007022471910112359
574_house_16H,LR,4,0.2558646428255368,0.2558646428255368,45554.7473794498,45554.7473794498,0.0,True,0.0,True,22784,16,0.0007022471910112359
574_house_16H,LR,5,0.2567228474279567,0.2567228474279567,45533.01835292376,45533.01835292376,0.0,True,0.0,True,22784,16,0.0007022471910112359
574_house_16H,RF,0,0.634754854163192,0.634754854163192,31927.06159167501,31927.06159167501,0.0,True,0.0,True,22784,16,0.0007022471910112359
574_house_16H,RF,1,0.6374789320333464,0.6375632083111941,31784.522562723367,31780.928163978395,8.427627784768355e-05,False,0.01130864475902911,False,22784,16,0.0007022471910112359
574_house_16H,RF,2,0.6304420734009568,0.6304420734009568,32113.094855594813,32113.094855594813,0.0,True,0.0,True,22784,16,0.0007022471910112359
574_house_16H,RF,3,0.6341987259961789,0.6343921917368809,31935.109519220267,31926.6153614356,0.0001934657407020035,False,0.026598179597766808,False,22784,16,0.0007022471910112359
574_house_16H,RF,4,0.6384887944429013,0.6391403326803491,31747.914471066186,31717.41706096274,0.0006515382374477907,False,0.09606114483910438,False,22784,16,0.0007022471910112359
574_house_16H,RF,5,0.6320933590567901,0.6320933590567901,32036.535116675244,32036.535116675244,0.0,True,0.0,True,22784,16,0.0007022471910112359
574_house_16H,SVR,0,0.5682719412977505,0.5682719412977505,34716.884910150526,34716.884910150526,0.0,True,0.0,True,22784,16,0.0007022471910112359
574_house_16H,SVR,1,0.5578787236097309,0.564001048054347,35105.00411839667,34871.543014947674,0.006122324444616134,False,0.6650365362773137,False,22784,16,0.0007022471910112359
574_house_16H,SVR,2,0.5668907968428136,0.5668907968428136,34774.157700560616,34774.157700560616,0.0,True,0.0,True,22784,16,0.0007022471910112359
574_house_16H,SVR,3,0.5648539597262565,0.5648539597262565,34839.62960133451,34839.62960133451,0.0,True,0.0,True,22784,16,0.0007022471910112359
574_house_16H,SVR,4,0.5675536538588025,0.5675536538588025,34733.019900755746,34733.019900755746,0.0,True,0.0,True,22784,16,0.0007022471910112359
574_house_16H,SVR,5,0.5653432712337567,0.5653432712337567,34830.81201862095,34830.81201862095,0.0,True,0.0,True,22784,16,0.0007022471910112359
