ds,alg,leak,test_mae_mean,test_mae_std,test_mse_mean,test_mse_std,test_rmse_mean,test_rmse_std,test_r2_mean,test_r2_std
1027_ESL,DT,Com vazamento,0.4250374532536512,0.017675850034733567,0.41646892938977165,0.035675552864094316,0.6412169964249987,0.027487625300360325,0.7900092113764168,0.020951378213608988
1027_ESL,DT,Sem vazamento,0.44128870337257187,0.011658842392827265,0.43171297449893314,0.03298611799500702,0.6526995880743288,0.02468503482722907,0.7821939044800476,0.020299202330095738
1027_ESL,KNN,Com vazamento,0.40139095876800795,0.006204458844172763,0.29919296222438885,0.00640237789884461,0.5457303220468975,0.006640920376994639,0.8498798146142063,0.00313293435511385
1027_ESL,KNN,Sem vazamento,0.40962858483350284,0.007437015072967648,0.3084874990622749,0.00828105240794875,0.5540904609920659,0.007918731682999983,0.8453890674876875,0.004724034064928598
1027_ESL,LR,Com vazamento,0.4060628942431139,0.0017014113632626902,0.2847439943636179,0.0023464887835400517,0.5322697450196163,0.0027595223299271593,0.8566638182780136,0.001726143488626172
1027_ESL,LR,Sem vazamento,0.406062894243114,0.001701411363262704,0.284743994363618,0.0023464887835400595,0.5322697450196164,0.0027595223299271623,0.8566638182780136,0.0017261434886261735
1027_ESL,RF,Com vazamento,0.40276412893324726,0.0055523606881085616,0.3230099773037705,0.007247207806059266,0.566172742818243,0.005956901051635058,0.8377501237828907,0.004309487982512532
1027_ESL,RF,Sem vazamento,0.4088318729180205,0.0021621680781698746,0.32504624785707315,0.0051483840100463715,0.5678302794835385,0.004046967520141096,0.8366689140203025,0.0035199471879061722
1027_ESL,SVR,Com vazamento,0.40191338681232985,0.0016223827392882406,0.28353033465448935,0.0015736376970057727,0.5312504446540304,0.0019412872424520839,0.8573974481349272,0.0013579439269841404
1027_ESL,SVR,Sem vazamento,0.4070990034616629,0.007152012552856646,0.2882391055670532,0.009850711175558195,0.5353706946894636,0.007425187441482533,0.8551817854881497,0.004525343790285441
1028_SWD,DT,Com vazamento,0.5060478265672596,0.002750466810741657,0.40680309303409645,0.004973055628081938,0.6374627375609294,0.003833450442226945,0.37700785688739186,0.009363751128308628
1028_SWD,DT,Sem vazamento,0.5100073108154751,0.002852823610036207,0.40680309303409645,0.004973055628081938,0.6374627375609294,0.003833450442226945,0.37700785688739186,0.009363751128308628
1028_SWD,KNN,Com vazamento,0.50945291005291,0.0024889647434720827,0.4152543881750231,0.0028139834137248087,0.643965953857304,0.0022051035093981768,0.36384927420145213,0.006477430620641593
1028_SWD,KNN,Sem vazamento,0.5160607022607023,0.004048906439159419,0.4214050105674348,0.006075893536081878,0.6485661684790535,0.004838360351327441,0.35464651471866865,0.008785907404020198
1028_SWD,LR,Com vazamento,0.510054146544972,0.00045968071240485924,0.40066149688096964,0.0020897946940867714,0.6325120071022184,0.0017235103853891624,0.387358380719681,0.0044140371459186305
1028_SWD,LR,Sem vazamento,0.510054146544972,0.00045968071240484314,0.40066149688096964,0.0020897946940867714,0.6325120071022186,0.0017235103853891498,0.387358380719681,0.004414037145918584
1028_SWD,RF,Com vazamento,0.5035595519463686,0.0035225987667919447,0.38905071983353473,0.004810746406110008,0.6233784272710964,0.003820642265434723,0.40419162473481035,0.007465288091904785
1028_SWD,RF,Sem vazamento,0.5040196456471234,0.003796272842449736,0.389293637972767,0.004888682471420155,0.6235722981696129,0.0039017773666950536,0.4038196453931757,0.0075981436340793245
1028_SWD,SVR,Com vazamento,0.4695336328536934,0.007079848507151078,0.400339569744708,0.0019458048058372676,0.6322476735611108,0.0017823863768520658,0.3877311607323641,0.004899929970084779
1028_SWD,SVR,Sem vazamento,0.4982411796891531,0.004363013008750164,0.4051996340383102,0.0037793589103416,0.6360387749449692,0.0033311024295321714,0.3800329975114289,0.008211665250790444
1029_LEV,DT,Com vazamento,0.4941158931934766,0.004541896982419502,0.4404551526114963,0.00734683284714174,0.6627848095882828,0.005042020089282969,0.5150091546674321,0.00735121333949007
1029_LEV,DT,Sem vazamento,0.5064023014562754,0.006864415751700697,0.45312251845336915,0.011080757572525775,0.6724548230177323,0.008225518741716658,0.5006423941213994,0.01168394800292125
1029_LEV,KNN,Com vazamento,0.4887121212121212,0.0049631423885625366,0.4291914600550964,0.008425530326198482,0.6543467881009427,0.006197119995561133,0.5271646520266583,0.009500839053530863
1029_LEV,KNN,Sem vazamento,0.48926094276094273,0.004720764823088873,0.4311328946025916,0.00930682527228155,0.6559116034552438,0.00689731427698432,0.5248373806514101,0.010539464074504732
1029_LEV,LR,Com vazamento,0.488114835330099,0.0017000085042995353,0.39885716482666256,0.00255122077005661,0.6308704639016977,0.0018302645985482796,0.5604711207203824,0.0031904309991870904
1029_LEV,LR,Sem vazamento,0.488114835330099,0.001700008504299528,0.39885716482666256,0.00255122077005661,0.6308704639016977,0.0018302645985482796,0.5604711207203824,0.0031904309991870904
1029_LEV,RF,Com vazamento,0.49381248482193385,0.0029463137194758126,0.42235926062806367,0.00640976261263433,0.649128800913247,0.004758130740919685,0.5348678571168719,0.006634003166817139
1029_LEV,RF,Sem vazamento,0.49636106894069965,0.0034013495882601907,0.42266593875563524,0.006279579160977917,0.6493583910084593,0.00468233428599675,0.5345260711267971,0.006584157294499042
1029_LEV,SVR,Com vazamento,0.4454377460130528,0.0029092840807194396,0.40227677160281416,0.0019123013228698072,0.6334931539411662,0.0014109589440922104,0.556703085735969,0.0028672007314023535
1029_LEV,SVR,Sem vazamento,0.4856558412640974,0.0028615104051465897,0.40354137226911324,0.0030737535376572814,0.6345188417892782,0.0024182049313801563,0.5553264573854355,0.0027919571384441297
1030_ERA,DT,Com vazamento,1.2638390349650903,0.008240148499991112,2.529008207632938,0.03382671637583973,1.5891777157593567,0.010244561470126206,0.35377586332239036,0.008516340276839934
1030_ERA,DT,Sem vazamento,1.2791992262865077,0.011058541941866408,2.569316092335884,0.03177505815043556,1.601813879047291,0.009782770409899638,0.3436332203884486,0.007108367594420153
1030_ERA,KNN,Com vazamento,1.2802558922558922,0.0051307112773051914,2.601771349862259,0.03099829778091527,1.611790318472391,0.009592881269549346,0.3349500109935986,0.007733298806011731
1030_ERA,KNN,Sem vazamento,1.282053872053872,0.00623858097069949,2.6053433663231647,0.033317687236433635,1.6128854473396028,0.010421285133780643,0.334056035475147,0.0081426225950634
1030_ERA,LR,Com vazamento,1.2562238303538527,0.0033995101189074764,2.4714323377924976,0.010794684376534781,1.5710833851584798,0.0038510975905868337,0.3687991024315019,0.0034118710097886316
1030_ERA,LR,Sem vazamento,1.2562238303538527,0.0033995101189075168,2.4714323377924976,0.010794684376534781,1.5710833851584798,0.003851097590586826,0.3687991024315019,0.0034118710097886334
1030_ERA,RF,Com vazamento,1.2606924913396,0.007156236677987081,2.4944202997970337,0.025993326959416908,1.5783890392589555,0.007987235458699626,0.36262942027677464,0.006831285705486073
1030_ERA,RF,Sem vazamento,1.2695518101421441,0.00852704235595501,2.5113864798237087,0.03148181311755793,1.5836801275228274,0.009816710878861205,0.3582376336893864,0.008590473537452679
1030_ERA,SVR,Com vazamento,1.2471976966895773,0.004962498309995179,2.485674310668102,0.010491440809136691,1.5756609167390738,0.003743596728464034,0.36505355475056733,0.0032713081440404047
1030_ERA,SVR,Sem vazamento,1.2563944503994977,0.004277929494880585,2.4888104806380733,0.012034868735326523,1.5766928903156685,0.004345226970857863,0.3641268825850461,0.004122380504419805
1089_USCrime,DT,Com vazamento,18.141104921313254,2.1119223288497837,542.9695154855434,99.6957189833391,22.516153941682777,2.0637476629142193,0.586686554125651,0.10975203627941814
1089_USCrime,DT,Sem vazamento,18.375056164899913,2.7854501565613763,565.0275885757078,147.49508228285856,22.832457035238182,2.813270533757565,0.572147042521403,0.14128625258896627
1089_USCrime,KNN,Com vazamento,15.3556727994228,1.2317138771022378,388.34879288920956,47.33918117235162,19.460167396427014,1.1203824337486818,0.7265488270479566,0.040467472068204634
1089_USCrime,KNN,Sem vazamento,15.85705266955267,0.772400766185024,419.33105722760496,34.1744446870009,20.215679837547842,0.7029334705788629,0.7015548609903047,0.03279994760442668
1089_USCrime,LR,Com vazamento,16.52793840266247,1.4832844887740655,393.57498745999624,55.90334816179844,19.482925019825917,1.5428219208451595,0.7171369062854674,0.0365108297882256
1089_USCrime,LR,Sem vazamento,17.695509057025788,2.7980015237027223,457.9010871662869,143.32754435654178,20.709693535540907,2.9653603269070876,0.674443711956064,0.09158258528370981
1089_USCrime,RF,Com vazamento,15.547822661460174,1.2624783675903122,383.2813022733579,49.51249978887754,19.281786942053404,1.2353182076373042,0.7233979091903243,0.04955922999032016
1089_USCrime,RF,Sem vazamento,15.779480668957822,1.3377531071133344,395.0082513499137,52.52861408858866,19.593585582869554,1.3005198898009551,0.7144572405353303,0.05151289175287245
1089_USCrime,SVR,Com vazamento,15.204301543156264,1.5490225073003212,325.374631584381,63.99101562299412,17.702881714058716,1.8338235584072584,0.7631789563319403,0.05075157268327114
1089_USCrime,SVR,Sem vazamento,15.675705331466618,1.9769402129327198,347.81240953445354,75.91818038131429,18.372929742871353,2.0253619735395114,0.7452182585937527,0.05796801301951704
1096_FacultySalaries,DT,Com vazamento,1.6870618584926718,0.1508220743629465,5.147869738151347,0.8511228371153671,2.203283532491001,0.19796889547082613,0.7116880951905613,0.046091716324876554
1096_FacultySalaries,DT,Sem vazamento,1.7304666556689476,0.19333126436381404,5.390650989831474,1.2332859044157238,2.2581325402176042,0.2760337818975674,0.7041276936357154,0.06512591288321985
1096_FacultySalaries,KNN,Com vazamento,1.781308267847878,0.08711071767847027,5.251259304711749,0.5489774136590114,2.2655331514183987,0.11009887889635937,0.7191236770773456,0.027019190061329947
1096_FacultySalaries,KNN,Sem vazamento,1.9195765444582573,0.0801950746642845,6.311602718467097,0.4531047464051979,2.476374937930411,0.10844083692079268,0.6508221499446099,0.041920315193027996
1096_FacultySalaries,LR,Com vazamento,1.3400789689543888,0.06403340127499899,3.0486323391458803,0.19659623716161653,1.7216381487396994,0.06279990479851603,0.8264558524168922,0.017768249592646324
1096_FacultySalaries,LR,Sem vazamento,1.5035756660324868,0.07071905657037847,8.998631902134973,1.4276997163000404,2.6169420407570905,0.16384357713187261,0.4775102986047621,0.1125473435142198
1096_FacultySalaries,RF,Com vazamento,1.6107879016204405,0.12270083455855262,4.276435660727585,0.582720322820426,2.0259115482190393,0.16088344260542026,0.7589260920638106,0.031544220167201216
1096_FacultySalaries,RF,Sem vazamento,1.6370216674423597,0.11024872549896148,4.398052003894898,0.5786115956814856,2.061119795162233,0.15592353671144893,0.749809595422137,0.03344407347911343
1096_FacultySalaries,SVR,Com vazamento,0.7827040046144678,0.03364281232018063,3.092514486886909,0.27389705102781525,1.7034933802353203,0.06526891746710613,0.827467573822887,0.01519533478181845
1096_FacultySalaries,SVR,Sem vazamento,1.4858480006359718,0.1109945426414264,8.542632298992261,0.6850689988316463,2.5546929980981212,0.14267328032152213,0.5062441688290427,0.11068706851081389
1199_BNG_echoMonths,DT,Com vazamento,9.152305466168789,0.02749139117923284,138.72841006709555,0.6613952271833469,11.77764961408905,0.028459032871587745,0.4437705137977603,0.002635201608601754
1199_BNG_echoMonths,DT,Sem vazamento,9.164990145122768,0.009384284741076256,138.72841006709555,0.6613952271833469,11.77764961408905,0.028459032871587745,0.4437705137977603,0.002635201608601754
1199_BNG_echoMonths,KNN,Com vazamento,9.038049167012787,0.018277701516387312,140.57229786549985,0.38933828034873724,11.85564349115517,0.01653898691067468,0.4363779513203379,0.0015236678886298898
1199_BNG_echoMonths,KNN,Sem vazamento,9.038049167012787,0.018277701516387312,140.57229786549985,0.38933828034873724,11.85564349115517,0.01653898691067468,0.4363779513203379,0.0015236678886298898
1199_BNG_echoMonths,LR,Com vazamento,9.222065350024348,0.0023372979030523745,139.17943723189094,0.0555597167946549,11.796916523149816,0.0023570845986294548,0.44197669601088135,0.00025256649919679487
1199_BNG_echoMonths,LR,Sem vazamento,9.222065350024348,0.0023372979030523745,139.17943723189094,0.0555597167946549,11.796916523149816,0.0023570845986294548,0.44197669601088135,0.00025256649919679487
1199_BNG_echoMonths,RF,Com vazamento,8.822137505897693,0.01271620723246298,131.23376503704696,0.30650240437332804,11.455170930969393,0.013462965704782484,0.47383370188275253,0.0012067495160305248
1199_BNG_echoMonths,RF,Sem vazamento,8.828498212160108,0.010791210268773003,131.25396557383556,0.32099076429775636,11.456049416319042,0.014105983804230516,0.4737519408029655,0.0012668074971580066
1199_BNG_echoMonths,SVR,Com vazamento,8.809097092480487,0.012858043397319927,140.39758030915652,0.10956492214057517,11.84823504292826,0.00440754337139838,0.43711937607970475,0.0004524006760335364
1199_BNG_echoMonths,SVR,Sem vazamento,8.843527405064052,0.005003059605749889,140.39758030915652,0.10956492214057517,11.84823504292826,0.00440754337139838,0.43711937607970475,0.0004524006760335364
197_cpu_act,DT,Com vazamento,2.2315070355252424,0.021570819628184017,10.203174971569627,0.1460996369878141,3.193419441290807,0.022570719887235125,0.9697199123054365,0.0005765890888687386
197_cpu_act,DT,Sem vazamento,2.2777526055634305,0.034276884578944546,10.346583672929475,0.19773237770798094,3.215883226268403,0.030409936447391556,0.9693063897199768,0.0006662088891622964
197_cpu_act,KNN,Com vazamento,2.1861246744791667,0.00719835981301285,20.507127007378475,0.9592053448769129,4.508221677957262,0.1018827861709049,0.939379422097073,0.0025876474797263092
197_cpu_act,KNN,Sem vazamento,2.2176011827256943,0.0170115747197098,21.080601218894675,0.8206498754961948,4.559509656491228,0.07948829023454203,0.9377496697845674,0.0021985309667248384
197_cpu_act,LR,Com vazamento,6.07339959600716,0.004274346601347303,94.31353733666572,0.6265120563713296,9.705278819664109,0.03365605523456701,0.7211315321752307,0.0018887880365559444
197_cpu_act,LR,Sem vazamento,6.07339959600716,0.004274346601347303,94.31353733666572,0.6265120563713296,9.705278819664109,0.03365605523456701,0.7211315321752307,0.0018887880365559444
197_cpu_act,RF,Com vazamento,1.7040631306966147,0.005492139053899754,6.051704679504394,0.10673930619771191,2.4584568205868,0.021548870024586872,0.9820489268646405,0.000299408516028224
197_cpu_act,RF,Sem vazamento,1.7050207722981774,0.005106433273780755,6.058624606709799,0.10093939255707342,2.4598776397650197,0.020365442567708118,0.982029339274571,0.0002881713783777551
197_cpu_act,SVR,Com vazamento,2.214512020987895,0.014081492488136246,16.946473831020402,0.6322646189573168,4.09466608601734,0.06827785239845376,0.9497190568753555,0.0017191014595156965
197_cpu_act,SVR,Sem vazamento,2.214512020987895,0.014081492488136246,16.946473831020402,0.6322646189573168,4.09466608601734,0.06827785239845376,0.9497190568753555,0.0017191014595156965
201_pol,DT,Com vazamento,2.044222222222222,0.03304318162423012,49.60666666666666,1.6251851176609575,7.034196029334752,0.11851372605533493,0.9714815380952072,0.0009134988895066623
201_pol,DT,Sem vazamento,2.044222222222222,0.03304318162423012,49.60666666666666,1.6251851176609575,7.034196029334752,0.11851372605533493,0.9714815380952072,0.0009134988895066623
201_pol,KNN,Com vazamento,3.3270370370370372,0.024475804799355117,81.54687407407408,1.4406762041034669,9.020678786204554,0.07085307527152049,0.9530988897784715,0.0008213985183499657
201_pol,KNN,Sem vazamento,3.432037037037037,0.05476644492489862,82.08543703703704,1.346566837354268,9.05090514299281,0.07011074299314632,0.9527904335599717,0.0007948838157743532
201_pol,LR,Com vazamento,26.60401617819696,0.009001646520971785,930.8220570632138,0.6019459370856248,30.50877680512572,0.009864478437375632,0.46510453677919794,0.0004154044628672365
201_pol,LR,Sem vazamento,26.60401617819696,0.009001646520971785,930.8220570632138,0.6019459370856248,30.50877680512572,0.009864478437375632,0.46510453677919794,0.0004154044628672365
201_pol,RF,Com vazamento,1.7150104444444443,0.012088016160491329,22.17792807444444,0.3753839387062481,4.70511174323728,0.04045691707464695,0.9872522154752524,0.00022256034789966885
201_pol,RF,Sem vazamento,1.7156715555555555,0.010975568785396277,22.203275815555553,0.3674864546654601,4.707707473654202,0.039329836427469324,0.9872372973328334,0.00021864520240544232
201_pol,SVR,Com vazamento,8.888295451120001,0.03555249221457083,163.17292444458255,1.097450415877159,12.771410764773464,0.04344086352558464,0.9062269550611176,0.0006065166139886802
201_pol,SVR,Sem vazamento,8.99349841454291,0.020873258527375385,163.4650705690286,1.0042686904568423,12.782910573668198,0.04044430659857118,0.906064853140944,0.0005549817863135008
218_house_8L,DT,Com vazamento,18083.44048984061,69.78665191539612,1237459161.434398,15478842.171677813,35167.287550232584,220.07708515318913,0.5564639484073173,0.005674194440999356
218_house_8L,DT,Sem vazamento,19105.11681271061,250.33101534047904,1240836928.8354917,13074345.451796584,35216.04500474067,185.2654173425535,0.5551727388147444,0.004857080293842044
218_house_8L,KNN,Com vazamento,16508.024859949564,50.39157653913565,1031467516.6864916,6079465.083767724,32098.075511545467,97.0878840779841,0.6305758838172103,0.002278004821421927
218_house_8L,KNN,Sem vazamento,16521.87378658424,59.028144508616386,1031961579.8543931,5179038.505779136,32105.910673407994,80.06238620497264,0.6303937593177239,0.0018599686404701238
218_house_8L,LR,Com vazamento,24362.836013267166,14.061185380741954,1734645007.0495446,6102133.963887417,41636.07672461388,73.91017509905627,0.3788098003160217,0.0021455880547080457
218_house_8L,LR,Sem vazamento,24362.836013267166,14.061185380741954,1734645007.0495446,6102133.963887417,41636.07672461388,73.91017509905627,0.3788098003160217,0.0021455880547080457
218_house_8L,RF,Com vazamento,15678.728526385474,52.58143785438498,888102260.2585045,12036851.440760534,29788.328392807267,207.01246947082717,0.6818079736325579,0.004399407488484218
218_house_8L,RF,Sem vazamento,15680.872461208157,51.9378058846449,888184889.8209456,11995616.102184542,29789.823048865463,206.35970419868156,0.681772719991557,0.004383944616002145
218_house_8L,SVR,Com vazamento,15559.122183520225,31.91242334863176,950203314.4853687,5815546.187128644,30809.096351900327,106.1466222500905,0.6596413056373466,0.002446876949215808
218_house_8L,SVR,Sem vazamento,15559.122183520225,31.91242334863176,950203314.4853687,5815546.187128644,30809.096351900327,106.1466222500905,0.6596413056373466,0.002446876949215808
225_puma8NH,DT,Com vazamento,2.689851473925406,0.01109482951397869,12.136483940732651,0.16232884597255465,3.483085468896304,0.02267395702860556,0.6159146481841623,0.005003435475898318
225_puma8NH,DT,Sem vazamento,2.6955004926874007,0.013705231338564173,12.136483940732651,0.16232884597255465,3.483085468896304,0.02267395702860556,0.6159146481841623,0.005003435475898318
225_puma8NH,KNN,Com vazamento,2.9655566504806763,0.009838390044180438,13.85657881291418,0.053049902256311725,3.722082976803551,0.007008174002626817,0.5615230063967113,0.001681833101047573
225_puma8NH,KNN,Sem vazamento,2.981133543209897,0.0114300272679691,13.930191018449365,0.07196160091075632,3.7319298273530155,0.009709214551240198,0.5591977412751549,0.0023575291051073236
225_puma8NH,LR,Com vazamento,3.6449372974126866,0.000883257099454517,19.90240737329653,0.009513656539337034,4.4607855664085525,0.0011549681902240858,0.370222722654888,0.00043786721419315685
225_puma8NH,LR,Sem vazamento,3.6449372974126866,0.000883257099454517,19.90240737329653,0.009513656539337034,4.4607855664085525,0.0011549681902240858,0.370222722654888,0.00043786721419315685
225_puma8NH,RF,Com vazamento,2.4708579539556816,0.004311439298521168,10.339065150238403,0.03437717762876174,3.215034878755681,0.005235451623506611,0.6728167350332711,0.001056693880823998
225_puma8NH,RF,Sem vazamento,2.474369183591154,0.004798796829652036,10.34102057532935,0.03511249044774181,3.215331596328031,0.005304369333598294,0.6727549198901511,0.0010729149853942477
225_puma8NH,SVR,Com vazamento,2.511220940267004,0.0041169927066014075,10.674116759625699,0.02908892937962443,3.26679473949372,0.004532196704063711,0.6622088048759559,0.0008622778186205107
225_puma8NH,SVR,Sem vazamento,2.511220940267004,0.0041169927066014075,10.674116759625699,0.02908892937962443,3.26679473949372,0.004532196704063711,0.6622088048759559,0.0008622778186205107
227_cpu_small,DT,Com vazamento,2.543554873078368,0.02577787628471588,13.065460208811231,0.17687665977183387,3.6139373686842755,0.024495298576398865,0.961247602041035,0.0006952432155427934
227_cpu_small,DT,Sem vazamento,2.566285798290029,0.020361770740867733,13.065460208811231,0.17687665977183387,3.6139373686842755,0.024495298576398865,0.961247602041035,0.0006952432155427934
227_cpu_small,KNN,Com vazamento,2.202839652571098,0.011298796521746542,12.030598144531252,0.4490383674035154,3.4605692569910254,0.06354870940120508,0.9643072990021206,0.0014042801157632334
227_cpu_small,KNN,Sem vazamento,2.231602841331845,0.015113068435492816,12.146769517594365,0.6988843205099805,3.476058649346158,0.0994953327169489,0.9639763276208598,0.002138671687373644
227_cpu_small,LR,Com vazamento,6.174389857939745,0.001997946751783432,98.03093562495212,0.7097727601110336,9.894734736796638,0.038854536754580844,0.7102053252002077,0.002213232048053145
227_cpu_small,LR,Sem vazamento,6.174389857939745,0.001997946751783432,98.03093562495212,0.7097727601110336,9.894734736796638,0.038854536754580844,0.7102053252002077,0.002213232048053145
227_cpu_small,RF,Com vazamento,1.9758243408203124,0.004873322843332277,8.127456525268554,0.1301381335987038,2.849355212339742,0.02249863941406498,0.9758817905056943,0.00040274873532182196
227_cpu_small,RF,Sem vazamento,1.9767108154296877,0.0048760948064436385,8.133373139689128,0.13430863144761507,2.850391837422245,0.02318010284485609,0.9758639187400147,0.0004139033915098142
227_cpu_small,SVR,Com vazamento,2.281421444443637,0.01866353308216464,12.744935264999754,0.6683853605652671,3.5601230042135996,0.08890066283842883,0.9622645981033133,0.0019135922974425886
227_cpu_small,SVR,Sem vazamento,2.281421444443637,0.01866353308216464,12.744935264999754,0.6683853605652671,3.5601230042135996,0.08890066283842883,0.9622645981033133,0.0019135922974425886
294_satellite_image,DT,Com vazamento,0.37204770143891186,0.013772352388364724,0.887644741407042,0.042534727129312,0.9404906186417831,0.022442726530893693,0.8188657980095092,0.008656129858814737
294_satellite_image,DT,Sem vazamento,0.4073896016651232,0.0279418070999484,0.8911063839925267,0.047302830584954395,0.9422651413957531,0.025006576319957056,0.818168128331009,0.009619307024916686
294_satellite_image,KNN,Com vazamento,0.25153221767517636,0.002879367230701228,0.4619568023771756,0.005391204007427704,0.6791138655080345,0.004250610848524988,0.9057201179033929,0.001141733718939841
294_satellite_image,KNN,Sem vazamento,0.2715871641930923,0.004161619973147738,0.4708265441014438,0.005841219390594155,0.6856337142254679,0.004019241222766118,0.9039220663756223,0.0012005185809718295
294_satellite_image,LR,Com vazamento,1.0185764539361626,0.0009412720423337864,1.4724136682868796,0.002886934591828003,1.2132965294461886,0.0011136262827210058,0.6994128362587153,0.0005445368467315221
294_satellite_image,LR,Sem vazamento,1.0185764539361626,0.0009412720423337864,1.4724136682868796,0.002886934591828003,1.2132965294461886,0.0011136262827210058,0.6994128362587153,0.0005445368467315221
294_satellite_image,RF,Com vazamento,0.3610251497362215,0.0018376340681716156,0.48579586743044406,0.004236183022021918,0.6964971684968434,0.0032293568497533507,0.9008532914885228,0.0008779258402187355
294_satellite_image,RF,Sem vazamento,0.36125821824428717,0.0016601538813990277,0.4862451469828066,0.0044158926298430694,0.6968343070104525,0.0033218513304949897,0.9007615461802315,0.0009129804264621035
294_satellite_image,SVR,Com vazamento,0.4340061460826928,0.0022601262498224218,0.5501023525926829,0.0048069707085979015,0.7412016774280107,0.0030679604140814013,0.8877161763393393,0.0009181758272043803
294_satellite_image,SVR,Sem vazamento,0.4340061460826928,0.0022601262498224218,0.5501023525926829,0.0048069707085979015,0.7412016774280107,0.0030679604140814013,0.8877161763393393,0.0009181758272043803
503_wind,DT,Com vazamento,2.861791112068209,0.011985747346043516,13.816982771292231,0.0753925166648657,3.7163611509176273,0.010417799529959474,0.6916799407149313,0.001716850732580919
503_wind,DT,Sem vazamento,2.861791112068209,0.011985747346043516,13.816982771292231,0.0753925166648657,3.7163611509176273,0.010417799529959474,0.6916799407149313,0.001716850732580919
503_wind,KNN,Com vazamento,2.5665590897393535,0.005350914781460481,11.26554533969304,0.04478911931703098,3.355778301373061,0.0064852312177754315,0.7485756055290139,0.0009407801451300343
503_wind,KNN,Sem vazamento,2.567676691070291,0.0067332793967941305,11.281702391625712,0.058337245103609735,3.358225718210796,0.008554950384167046,0.7482174053184698,0.001230264344804501
503_wind,LR,Com vazamento,2.521490539430954,0.0012806448147616345,10.826251908745363,0.010563020670184236,3.2897866932700155,0.0013480027095583147,0.7583601696910489,0.00019217178059044971
503_wind,LR,Sem vazamento,2.521490539430954,0.0012806448147616345,10.826251908745363,0.010563020670184236,3.2897866932700155,0.0013480027095583147,0.7583601696910489,0.00019217178059044971
503_wind,RF,Com vazamento,2.389646233374941,0.004832791218282859,9.876562552334986,0.05413025104813036,3.142094459992006,0.008757729075224771,0.7795914859753689,0.0011947210132405787
503_wind,RF,Sem vazamento,2.390065976128249,0.0048375753143058775,9.878505968460729,0.053285461066258685,3.1424082095749415,0.008639886855754113,0.7795479959136902,0.0011706169104633646
503_wind,SVR,Com vazamento,2.295243703276546,0.004999717463269788,9.122184899347642,0.025525123198403037,3.01973184210205,0.004112158804518995,0.7964183151451311,0.0006469296719861859
503_wind,SVR,Sem vazamento,2.295243703276546,0.004999717463269788,9.122184899347642,0.025525123198403037,3.01973184210205,0.004112158804518995,0.7964183151451311,0.0006469296719861859
505_tecator,DT,Com vazamento,1.3629554586829962,0.07067818255675089,3.9736705662355463,0.5076176314385665,1.9800520808761088,0.12293522697863148,0.9796668157892001,0.0025668999897899
505_tecator,DT,Sem vazamento,1.4222995068954785,0.0641891939927941,4.189537912192497,0.5061491217850532,2.0310187106147386,0.11513605285509443,0.9783824716175702,0.0025385123009994126
505_tecator,KNN,Com vazamento,4.0387407347835875,0.14441053238530896,32.65014567111777,3.17184984692613,5.620773584848148,0.2733291885006004,0.8413531588634596,0.01698485214480932
505_tecator,KNN,Sem vazamento,4.047293510481163,0.1383202466002992,32.840845653040624,2.8681444345250244,5.634528746785642,0.2537222929598889,0.8405337682089912,0.015831129082216712
505_tecator,LR,Com vazamento,0.9309319293752026,0.06543576423742264,2.906335868765817,1.0520627688645867,1.5770606590964513,0.21093019999166113,0.9852173299860657,0.005418739230286837
505_tecator,LR,Sem vazamento,3.0295800260093984,1.4268149483132544,34.92348951790709,21.30589760051756,4.263264459507543,1.6865699105337706,0.8279151830529695,0.10269714029260711
505_tecator,RF,Com vazamento,1.0546841651834131,0.015437515281768403,2.2565455540797745,0.1156205419982003,1.4842601206841683,0.039717817370134634,0.988740182951536,0.0004517916457749957
505_tecator,RF,Sem vazamento,1.0627436008795808,0.012970986709450759,2.2731709887841824,0.09265928545339693,1.4909385411580252,0.032253561076904705,0.9886350770496919,0.0003372646350367852
505_tecator,SVR,Com vazamento,0.8126221799671044,0.04919907458819754,1.4233670203300728,0.09817645990591609,1.175956812174631,0.04889315633855386,0.9928839501788324,0.0006277061904624597
505_tecator,SVR,Sem vazamento,0.8414213047236628,0.05526122041013582,1.4896047048253378,0.11790187192632995,1.204962790742848,0.05140814708876606,0.9925763429336688,0.0006237322363629532
529_pollen,DT,Com vazamento,1.4676753393991513,0.02538688660419526,3.5052535362941115,0.10610321768801811,1.87180592818237,0.028318674051967765,0.6446183309116004,0.011137276098725557
529_pollen,DT,Sem vazamento,1.4676753393991513,0.02538688660419526,3.5052535362941115,0.10610321768801811,1.87180592818237,0.028318674051967765,0.6446183309116004,0.011137276098725557
529_pollen,KNN,Com vazamento,1.3464324767487144,0.005863465509636447,3.0184457207589137,0.032229673901302526,1.736881261761838,0.009513234378407742,0.6943068008077656,0.0037802418966530137
529_pollen,KNN,Sem vazamento,1.3495889296471537,0.005910167230101759,3.02783863243337,0.032426870176813345,1.7395994518072315,0.009624184948078294,0.6933571741710266,0.0038167664842387906
529_pollen,LR,Com vazamento,1.1307659665179508,0.000640343490167253,2.0411720347312694,0.0015050308443696403,1.4284494614892183,0.0006152933141220024,0.7930448112841361,0.0003882142239598332
529_pollen,LR,Sem vazamento,1.130767142031783,0.0006427374576048181,2.041157556418392,0.0015482768684078531,1.428444374161262,0.0006298935982728169,0.7930460827647785,0.00038477400494571495
529_pollen,RF,Com vazamento,1.2109937781149192,0.007042827145775988,2.375841164135974,0.023321462474312767,1.541119062297706,0.007617249619543466,0.7592121106202837,0.0024666457772776523
529_pollen,RF,Sem vazamento,1.211415338201773,0.007200537437282384,2.377269394991989,0.022759838573112097,1.5415864508083852,0.007435174949376985,0.7590627222824974,0.0024171968335211305
529_pollen,SVR,Com vazamento,1.1309879200524204,0.000944883611199294,2.043732177085064,0.0022614863289777396,1.4293380173617287,0.0008644014147103344,0.7927941437794389,0.0003919257934673619
529_pollen,SVR,Sem vazamento,1.1310464541820575,0.001018452341042261,2.04383439923459,0.0023566904292416572,1.429373155290716,0.0008968493052760484,0.792783721499528,0.0004004051022986842
537_houses,DT,Com vazamento,41057.04893508208,394.240470677508,3940942447.1066937,72576088.52482802,62765.97782511022,579.9409656013063,0.703966796618776,0.005510023506858221
537_houses,DT,Sem vazamento,41057.04893508208,394.240470677508,3940942447.1066937,72576088.52482802,62765.97782511022,579.9409656013063,0.703966796618776,0.005510023506858221
537_houses,KNN,Com vazamento,41279.62715036812,76.6596921719654,3627580780.2148566,11106215.885767268,60224.74184474341,93.38708451894368,0.7274909581454448,0.0008599218715242303
537_houses,KNN,Sem vazamento,41370.684943915905,76.0700291218184,3632077337.084225,7163658.957105421,60261.789694110535,59.92480675558205,0.7271575299310055,0.0005685636645140694
537_houses,LR,Com vazamento,50806.36065249902,14.780243286272757,4849855625.753105,7744018.422859053,69635.94666750763,54.75521159220751,0.635679173006707,0.000557788336605255
537_houses,LR,Sem vazamento,50806.36065249902,14.780243286272757,4849855625.753105,7744018.422859053,69635.94666750763,54.75521159220751,0.635679173006707,0.000557788336605255
537_houses,RF,Com vazamento,31761.199841602065,61.08939172868025,2402326881.2549577,17355488.67182239,49007.67831267662,177.086882903112,0.8195477340252669,0.0012858649665323646
537_houses,RF,Sem vazamento,31761.199841602065,61.08939172868025,2402326881.2549577,17355488.67182239,49007.67831267662,177.086882903112,0.8195477340252669,0.0012858649665323646
537_houses,SVR,Com vazamento,36097.43767987856,72.29582176525224,3015223653.7850456,12857077.05422022,54904.00405518018,113.56937885121553,0.7734784762477226,0.0009683944431235514
537_houses,SVR,Sem vazamento,36161.40505718807,108.4087878227673,3023704037.463946,15810012.730446197,54979.526354993046,139.57253383120994,0.7728337562990871,0.001236678455715093
542_pollution,DT,Com vazamento,43.92791290666391,5.489423252008407,2875.6254096399807,654.924675762728,52.81774519358809,5.80270978868183,0.14677591589640315,0.19197872324125081
542_pollution,DT,Sem vazamento,46.54178962453943,4.331730514700709,3236.187115868624,563.4112177899207,55.92976513631615,4.538246107238277,0.0286550098170285,0.1656968102135449
542_pollution,KNN,Com vazamento,36.101843860767495,1.9894059844134346,2149.0999861352034,168.87605450987093,45.67414845156306,2.1413125677711604,0.3890756834266275,0.04611573612099422
542_pollution,KNN,Sem vazamento,37.60856147388129,1.5146556897091974,2267.9364447684857,139.0966884003771,47.02022231980704,1.5790399203509047,0.3427989361299488,0.04368860651607553
542_pollution,LR,Com vazamento,31.00624723309023,0.6501309155408507,1804.397654493052,64.2142872883009,41.50751604935039,0.8711963525730277,0.48080520460991233,0.03183407369440975
542_pollution,LR,Sem vazamento,31.892176036801505,1.5910302112494175,1958.1859486004894,234.49009678987275,43.13530498837531,2.8566852329043773,0.4390607583111237,0.0575693167725261
542_pollution,RF,Com vazamento,33.652589901795466,1.2446797392334317,1886.3133712996107,111.21654903344736,42.6477469983677,1.3495351495917882,0.4674422373463952,0.04927353231322684
542_pollution,RF,Sem vazamento,34.18555641294947,1.3530050654678483,1919.790738595095,114.33249253764431,43.08265642720864,1.4556888335604323,0.45711400400382435,0.050350179749287495
542_pollution,SVR,Com vazamento,30.491846315763553,2.5388845393112507,1670.7018864856002,208.01073218615548,39.98075610920125,2.427129201113585,0.5304709395409218,0.0705504498085531
542_pollution,SVR,Sem vazamento,31.112693451539418,2.659135779347243,1779.6118539907402,257.00493917157803,41.226815841905236,2.668749185648994,0.490968700094557,0.09354550615256983
560_bodyfat,DT,Com vazamento,0.5125235020813999,0.04226374585091536,2.142413700898828,0.2737691556983884,1.3456313640992725,0.1086405360165683,0.9691843227635853,0.0032568850423618004
560_bodyfat,DT,Sem vazamento,0.5830020752055584,0.100756832567564,2.5944377247947377,0.7134579437749363,1.480517332383359,0.23210313812154965,0.9627369793655545,0.010721210707088234
560_bodyfat,KNN,Com vazamento,2.706737195210272,0.11959909312114211,11.652672902908515,0.9197350196186698,3.395119672653301,0.14610646569771035,0.8292436801191339,0.016995670332043574
560_bodyfat,KNN,Sem vazamento,2.7655209006234336,0.1282110357736761,12.119393320671163,0.9794733938666844,3.4624385192374536,0.15052467982251225,0.8223298855486684,0.017889095687158144
560_bodyfat,LR,Com vazamento,0.554442558868132,0.014990807665749385,1.9953997513180937,0.0243215514542537,1.2425418485969562,0.04948321681705798,0.9707302134080141,0.002909970333293952
560_bodyfat,LR,Sem vazamento,0.554442558868132,0.014990807665749385,1.9953997513180937,0.0243215514542537,1.2425418485969562,0.04948321681705798,0.9707302134080141,0.002909970333293952
560_bodyfat,RF,Com vazamento,0.4468910544806309,0.038107504381364676,2.1591047458619155,0.2789031296273905,1.3369928996585496,0.12672339180812087,0.969157185456325,0.004273443455328694
560_bodyfat,RF,Sem vazamento,0.45548776727777124,0.039438351148297586,2.197699957933764,0.2827087950396886,1.3541621032874265,0.12014838524369205,0.9685646810945919,0.004174959281298329
560_bodyfat,SVR,Com vazamento,0.5357880496177775,0.01186941408556517,1.7165698260031401,0.04228270680276441,1.138747791933626,0.06734709030224707,0.9748246003007385,0.002629882898389164
560_bodyfat,SVR,Sem vazamento,0.5566287131711536,0.011647785594295012,1.806504960909855,0.11707448645062303,1.1584871061187327,0.0621667110855917,0.9733799135499585,0.003949019929004727
564_fried,DT,Com vazamento,1.5470603824140101,0.004835322585778892,3.8906026223365,0.01871068795938087,1.9724182459267467,0.004728069513167685,0.8441693280375326,0.0007467544289081861
564_fried,DT,Sem vazamento,1.5470603824140101,0.004835322585778892,3.8906026223365,0.01871068795938087,1.9724182459267467,0.004728069513167685,0.8441693280375326,0.0007467544289081861
564_fried,KNN,Com vazamento,1.4625563744536176,0.0023855685121353704,3.44445359751791,0.0076858203567889685,1.855869709670588,0.002056788060334493,0.8620456203441279,0.00030151977610290773
564_fried,KNN,Sem vazamento,1.4625563744536176,0.0023855685121353704,3.44445359751791,0.0076858203567889685,1.855869709670588,0.002056788060334493,0.8620456203441279,0.00030151977610290773
564_fried,LR,Com vazamento,2.0386549645271903,0.00021758688563746652,6.924392276636238,0.0014773549349530555,2.6313744087574285,0.00025439136697641234,0.7226439337560259,8.725612944999e-05
564_fried,LR,Sem vazamento,2.038738085121677,0.00022814937008143674,6.924816702884423,0.0014553428389054383,2.6314550200734126,0.0002537766918247224,0.7226269285756293,8.471876141345649e-05
564_fried,RF,Com vazamento,1.0135165092658924,0.0013781336379407902,1.6547005059702597,0.0038243952054637957,1.2862946194224705,0.0015180159572229523,0.933721987249136,0.0001634295749445193
564_fried,RF,Sem vazamento,1.0135165092658924,0.0013781336379407902,1.6547005059702597,0.0038243952054637957,1.2862946194224705,0.0015180159572229523,0.933721987249136,0.0001634295749445193
564_fried,SVR,Com vazamento,0.8416520917363145,0.001507092229893044,1.121481272460285,0.003822041203053836,1.0589841978599892,0.0018043790266104303,0.9550796724581021,0.00015507964359423433
564_fried,SVR,Sem vazamento,0.8416520917363145,0.001507092229893044,1.121481272460285,0.003822041203053836,1.0589841978599892,0.0018043790266104303,0.9550796724581021,0.00015507964359423433
574_house_16H,DT,Com vazamento,19880.986626544396,175.08616088671144,1675504434.0713947,30215712.009997737,40917.81530417551,367.3028414932984,0.3996178756733049,0.010430905583659921
574_house_16H,DT,Sem vazamento,21534.677600703268,403.88154045934584,1687570503.4838293,28203085.948332705,41059.11026330571,331.6001393163552,0.3953979576778583,0.0099424200758464
574_house_16H,KNN,Com vazamento,17366.93738103767,21.26379487720056,1274438581.5419755,2997689.773240653,35684.550232217436,53.50836107410262,0.5436255229933842,0.0015713235926814882
574_house_16H,KNN,Sem vazamento,17399.815148310452,30.04420678772726,1278018236.744385,2496982.686991648,35735.18650342798,40.80224348048497,0.542319744291338,0.0011920337763994507
574_house_16H,LR,Com vazamento,25480.071127639287,23.65119013891192,2081513515.1335366,11957853.094276356,45610.65816165682,132.80235099221025,0.25443380200790777,0.0041256888809944724
574_house_16H,LR,Sem vazamento,25480.071127639287,23.65119013891192,2081513515.1335366,11957853.094276356,45610.65816165682,132.80235099221025,0.25443380200790777,0.0041256888809944724
574_house_16H,RF,Com vazamento,15959.181222056412,49.20840188382735,1019436545.1585665,9524843.726339627,31916.942025053635,149.1873997751564,0.6347310032248938,0.0032536447188181252
574_house_16H,RF,Sem vazamento,15961.601225011704,46.337051204564666,1019894623.9438148,8985119.08509494,31924.039686159147,140.72233029454492,0.6345761231822276,0.0030712913999298105
574_house_16H,SVR,Com vazamento,16534.043774074053,29.51596643358525,1211610771.50998,3908185.3915155306,34794.34119106167,62.46348111561159,0.5661524451689545,0.0016715351790387615
574_house_16H,SVR,Sem vazamento,16589.518327859903,158.82358167124772,1214393566.5401819,9671225.35339497,34833.251374969834,142.10964126604637,0.5651320577615184,0.003782828714100504
