ds,alg,n_pares,media_delta_r2,mediana_delta_r2,dp_delta_r2,pct_vazamento_melhor_r2,pct_empate_r2,pct_vazamento_pior_r2,p_wilcoxon_r2,p_holm_r2,media_delta_rmse,mediana_delta_rmse,dp_delta_rmse,pct_vazamento_melhor_rmse,pct_empate_rmse,pct_vazamento_pior_rmse,p_wilcoxon_rmse,p_holm_rmse
1027_ESL,DT,6.0,0.007815306896369242,0.007079168667687041,0.006984260715670454,100.0,0.0,0.0,0.03125,1.0,1.7669282805354223,1.3600844846282572,1.5838847193489574,100.0,0.0,0.0,0.03125,1.0
1027_ESL,KNN,6.0,0.004490747126518739,0.002641127880612104,0.0043517779091341025,100.0,0.0,0.0,0.03125,1.0,1.4986142170903267,0.8504019213626477,1.3600569909168518,100.0,0.0,0.0,0.03125,1.0
1027_ESL,LR,6.0,0.0,0.0,0.0,0.0,100.0,0.0,1.0,1.0,0.0,0.0,0.0,0.0,100.0,0.0,1.0,1.0
1027_ESL,RF,6.0,0.0010812097625882793,0.0004016550437610511,0.0027498568017977126,50.0,0.0,50.0,0.5625,1.0,0.29156889062385566,0.12371075539110013,0.8224813569134449,50.0,0.0,50.0,0.5625,1.0
1027_ESL,SVR,6.0,0.0022156626467774534,0.00029841868609414846,0.004804644612910987,100.0,0.0,0.0,0.03125,1.0,0.7510202240438743,0.10293140311353341,1.6257547286190797,100.0,0.0,0.0,0.03125,1.0
1028_SWD,DT,6.0,0.0,0.0,0.0,0.0,100.0,0.0,1.0,1.0,0.0,0.0,0.0,0.0,100.0,0.0,1.0,1.0
1028_SWD,KNN,6.0,0.009202759482783457,0.00758807648513718,0.00842574022318994,100.0,0.0,0.0,0.03125,1.0,0.7059277627459025,0.597135981387741,0.6082580395273677,100.0,0.0,0.0,0.03125,1.0
1028_SWD,LR,6.0,0.0,0.0,0.0,0.0,100.0,0.0,1.0,1.0,0.0,0.0,0.0,0.0,100.0,0.0,1.0,1.0
1028_SWD,RF,6.0,0.000371979341634678,0.0003045153512405696,0.0008121050652289427,83.33333333333334,0.0,16.666666666666664,0.3125,1.0,0.031001025395987508,0.018405195121231416,0.07256748770802797,83.33333333333334,0.0,16.666666666666664,0.3125,1.0
1028_SWD,SVR,6.0,0.007698163220935204,0.008354438158708705,0.00509230198527483,100.0,0.0,0.0,0.03125,1.0,0.5946848342276344,0.6531455351576299,0.3645869312589716,100.0,0.0,0.0,0.03125,1.0
1029_LEV,DT,6.0,0.014366760546032706,0.010034856302845618,0.01250240856718008,100.0,0.0,0.0,0.03125,1.0,1.427331996357429,0.8775035106108982,1.2718220905163289,100.0,0.0,0.0,0.03125,1.0
1029_LEV,KNN,6.0,0.0023272713752482597,0.0026585819893882867,0.003457595714457766,50.0,16.666666666666664,33.33333333333333,0.3125,1.0,0.2371516803773186,0.26918708473420216,0.35797647074973515,50.0,16.666666666666664,33.33333333333333,0.3125,1.0
1029_LEV,LR,6.0,0.0,0.0,0.0,0.0,100.0,0.0,1.0,1.0,0.0,0.0,0.0,0.0,100.0,0.0,1.0,1.0
1029_LEV,RF,6.0,0.0003417859900748388,0.0003356650635927272,0.0004725611788941464,83.33333333333334,0.0,16.666666666666664,0.15625,1.0,0.03541807053395762,0.037220916138415064,0.04800132165832738,83.33333333333334,0.0,16.666666666666664,0.15625,1.0
1029_LEV,SVR,6.0,0.001376628350533445,0.0017146434785068054,0.0028782311837759274,66.66666666666666,16.666666666666664,16.666666666666664,0.4375,1.0,0.16082942504663375,0.1784360112425019,0.31754304733553523,66.66666666666666,16.666666666666664,16.666666666666664,0.4375,1.0
1030_ERA,DT,6.0,0.010142642933941801,0.008789479902213099,0.007739512916431017,100.0,0.0,0.0,0.03125,1.0,0.787552782230303,0.6921459787081786,0.5940305029651117,100.0,0.0,0.0,0.03125,1.0
1030_ERA,KNN,6.0,0.0008939755184515971,8.29722107763553e-05,0.001954810310848455,83.33333333333334,16.666666666666664,0.0,0.0625,1.0,0.06754373040493196,0.006537017548515419,0.1476367808040021,83.33333333333334,16.666666666666664,0.0,0.0625,1.0
1030_ERA,LR,6.0,0.0,0.0,0.0,0.0,100.0,0.0,1.0,1.0,0.0,0.0,0.0,0.0,100.0,0.0,1.0,1.0
1030_ERA,RF,6.0,0.004391786587388276,0.004718431231977627,0.003324540227177586,100.0,0.0,0.0,0.03125,1.0,0.333315038019711,0.35915318820216846,0.2465747962308943,100.0,0.0,0.0,0.03125,1.0
1030_ERA,SVR,6.0,0.0009266721655211974,0.0,0.0022698739643668485,16.666666666666664,83.33333333333334,0.0,1.0,1.0,0.06526365873041896,0.0,0.15986266263666307,16.666666666666664,83.33333333333334,0.0,1.0,1.0
1089_USCrime,DT,6.0,0.014539511604247981,0.0015045519763718374,0.03997328039592206,50.0,0.0,50.0,0.5625,1.0,1.035231542490946,0.25757474323216445,4.048663640838131,50.0,0.0,50.0,0.6875,1.0
1089_USCrime,KNN,6.0,0.024993966057651956,0.02188503313628798,0.019837179234556534,100.0,0.0,0.0,0.03125,1.0,3.7282193251947326,3.436077827329579,4.528333045822279,66.66666666666666,16.666666666666664,16.666666666666664,0.1875,1.0
1089_USCrime,LR,6.0,0.04269319432940344,0.0,0.06723336650131059,33.33333333333333,66.66666666666666,0.0,0.5,1.0,5.102300595553654,0.0,7.904793384628989,33.33333333333333,66.66666666666666,0.0,0.5,1.0
1089_USCrime,RF,6.0,0.008940668654994063,0.009755050858261505,0.004198482639694801,100.0,0.0,0.0,0.03125,1.0,1.5751583003124559,1.4264510958765504,0.7268494597838311,100.0,0.0,0.0,0.03125,1.0
1089_USCrime,SVR,6.0,0.017960697738187592,0.019440501197770632,0.017105836937067683,66.66666666666666,33.33333333333333,0.0,0.125,1.0,3.5732835359932076,4.16275283761719,2.9882947267971285,66.66666666666666,33.33333333333333,0.0,0.125,1.0
1096_FacultySalaries,DT,6.0,0.0075604015548458485,0.0,0.022305941332135874,33.33333333333333,33.33333333333333,33.33333333333333,1.0,1.0,2.0568794680397597,0.0,5.0008926457886655,33.33333333333333,33.33333333333333,33.33333333333333,0.625,1.0
1096_FacultySalaries,KNN,6.0,0.0683015271327357,0.07431992812938687,0.039957176345877164,100.0,0.0,0.0,0.03125,1.0,8.410836935343207,10.244317717538076,5.167453456496306,83.33333333333334,0.0,16.666666666666664,0.0625,1.0
1096_FacultySalaries,LR,6.0,0.34894555381213016,0.32567387369755263,0.11655450515255121,100.0,0.0,0.0,0.03125,1.0,34.06827342770709,34.379735953341225,3.4292228336581907,100.0,0.0,0.0,0.03125,1.0
1096_FacultySalaries,RF,6.0,0.00911649664167354,0.008052904517366288,0.00553333289413653,100.0,0.0,0.0,0.03125,1.0,1.727075812237621,1.9461336155179696,0.9944439209588612,100.0,0.0,0.0,0.03125,1.0
1096_FacultySalaries,SVR,6.0,0.3212234049938445,0.32270484951022693,0.10646286056599558,100.0,0.0,0.0,0.03125,1.0,33.22855848585744,32.94787262682472,2.6552324467602775,100.0,0.0,0.0,0.03125,1.0
1199_BNG_echoMonths,DT,6.0,0.0,0.0,0.0,0.0,100.0,0.0,1.0,1.0,0.0,0.0,0.0,0.0,100.0,0.0,1.0,1.0
1199_BNG_echoMonths,KNN,6.0,0.0,0.0,0.0,0.0,100.0,0.0,1.0,1.0,0.0,0.0,0.0,0.0,100.0,0.0,1.0,1.0
1199_BNG_echoMonths,LR,6.0,0.0,0.0,0.0,0.0,100.0,0.0,1.0,1.0,0.0,0.0,0.0,0.0,100.0,0.0,1.0,1.0
1199_BNG_echoMonths,RF,6.0,8.17610797869961e-05,0.0,0.00013922285696229113,33.33333333333333,66.66666666666666,0.0,0.5,1.0,0.007661966878586653,0.0,0.013134524565067524,33.33333333333333,66.66666666666666,0.0,0.5,1.0
1199_BNG_echoMonths,SVR,6.0,0.0,0.0,0.0,0.0,100.0,0.0,1.0,1.0,0.0,0.0,0.0,0.0,100.0,0.0,1.0,1.0
197_cpu_act,DT,6.0,0.00041352258545955073,0.00039905905233633687,0.00039719653947719376,83.33333333333334,0.0,16.666666666666664,0.0625,1.0,0.6951017199208264,0.668056230968668,0.6545810611404799,83.33333333333334,0.0,16.666666666666664,0.0625,1.0
197_cpu_act,KNN,6.0,0.0016297523125056539,0.0006797594592611866,0.002664844364186048,50.0,33.33333333333333,16.666666666666664,0.25,1.0,1.1158187308579135,0.5909407377980852,2.033798250191465,50.0,33.33333333333333,16.666666666666664,0.375,1.0
197_cpu_act,LR,6.0,0.0,0.0,0.0,0.0,100.0,0.0,1.0,1.0,0.0,0.0,0.0,0.0,100.0,0.0,1.0,1.0
197_cpu_act,RF,6.0,1.9587590069554867e-05,9.847209449076466e-06,2.6968843483790646e-05,50.0,50.0,0.0,0.25,1.0,0.058075275957107604,0.02854792768755778,0.08225544252769405,50.0,50.0,0.0,0.25,1.0
197_cpu_act,SVR,6.0,0.0,0.0,0.0,0.0,100.0,0.0,1.0,1.0,0.0,0.0,0.0,0.0,100.0,0.0,1.0,1.0
201_pol,DT,6.0,0.0,0.0,0.0,0.0,100.0,0.0,1.0,1.0,0.0,0.0,0.0,0.0,100.0,0.0,1.0,1.0
201_pol,KNN,6.0,0.0003084562184996198,0.00028000125618560245,0.0004354688131529271,66.66666666666666,0.0,33.33333333333333,0.21875,1.0,0.33325805129935887,0.28537980260165374,0.42546465694886587,66.66666666666666,0.0,33.33333333333333,0.15625,1.0
201_pol,LR,6.0,0.0,0.0,0.0,0.0,100.0,0.0,1.0,1.0,0.0,0.0,0.0,0.0,100.0,0.0,1.0,1.0
201_pol,RF,6.0,1.491814241895891e-05,0.0,3.106027213512152e-05,33.33333333333333,50.0,16.666666666666664,0.5,1.0,0.05525064266238999,0.0,0.11693524498077588,33.33333333333333,50.0,16.666666666666664,0.5,1.0
201_pol,SVR,6.0,0.00016210192017355554,0.0,0.0003970669907505819,16.666666666666664,83.33333333333334,0.0,1.0,1.0,0.08982434506222887,0.0,0.22002381188214645,16.666666666666664,83.33333333333334,0.0,1.0,1.0
218_house_8L,DT,6.0,0.0012912095925729135,0.0,0.003162804652790598,16.666666666666664,83.33333333333334,0.0,1.0,1.0,0.1384472426619065,0.0,0.33912510081695363,16.666666666666664,83.33333333333334,0.0,1.0,1.0
218_house_8L,KNN,6.0,0.00018212449948645792,0.0,0.00047836048295763254,16.666666666666664,66.66666666666666,16.666666666666664,1.0,1.0,0.024508777744035527,0.0,0.06521915356839428,16.666666666666664,66.66666666666666,16.666666666666664,1.0,1.0
218_house_8L,LR,6.0,0.0,0.0,0.0,0.0,100.0,0.0,1.0,1.0,0.0,0.0,0.0,0.0,100.0,0.0,1.0,1.0
218_house_8L,RF,6.0,3.5253641001024384e-05,0.0,0.00015651169514769092,33.33333333333333,33.33333333333333,33.33333333333333,0.625,1.0,0.005026922484548289,0.0,0.024591402847567934,33.33333333333333,33.33333333333333,33.33333333333333,0.625,1.0
218_house_8L,SVR,6.0,0.0,0.0,0.0,0.0,100.0,0.0,1.0,1.0,0.0,0.0,0.0,0.0,100.0,0.0,1.0,1.0
225_puma8NH,DT,6.0,0.0,0.0,0.0,0.0,100.0,0.0,1.0,1.0,0.0,0.0,0.0,0.0,100.0,0.0,1.0,1.0
225_puma8NH,KNN,6.0,0.0023252651215563414,0.0020350694787384382,0.0014644672801566935,100.0,0.0,0.0,0.03125,1.0,0.26360427104525924,0.2296982380833722,0.16611264494357725,100.0,0.0,0.0,0.03125,1.0
225_puma8NH,LR,6.0,0.0,0.0,0.0,0.0,100.0,0.0,1.0,1.0,0.0,0.0,0.0,0.0,100.0,0.0,1.0,1.0
225_puma8NH,RF,6.0,6.181514311990692e-05,0.0,0.0001587790456558681,33.33333333333333,50.0,16.666666666666664,0.5,1.0,0.009222856831285724,0.0,0.024138962815573446,33.33333333333333,50.0,16.666666666666664,0.5,1.0
225_puma8NH,SVR,6.0,0.0,0.0,0.0,0.0,100.0,0.0,1.0,1.0,0.0,0.0,0.0,0.0,100.0,0.0,1.0,1.0
227_cpu_small,DT,6.0,0.0,0.0,0.0,0.0,100.0,0.0,1.0,1.0,0.0,0.0,0.0,0.0,100.0,0.0,1.0,1.0
227_cpu_small,KNN,6.0,0.00033097138126079545,0.00023385739905640301,0.0010688696267867118,50.0,16.666666666666664,33.33333333333333,0.625,1.0,0.4171754828347427,0.31118065444762016,1.4041469896430652,50.0,16.666666666666664,33.33333333333333,0.625,1.0
227_cpu_small,LR,6.0,0.0,0.0,0.0,0.0,100.0,0.0,1.0,1.0,0.0,0.0,0.0,0.0,100.0,0.0,1.0,1.0
227_cpu_small,RF,6.0,1.7871765679670453e-05,1.2829695051286283e-05,1.7417421110546603e-05,100.0,0.0,0.0,0.03125,1.0,0.036206326208872645,0.026184813131369673,0.033776778628040835,100.0,0.0,0.0,0.03125,1.0
227_cpu_small,SVR,6.0,0.0,0.0,0.0,0.0,100.0,0.0,1.0,1.0,0.0,0.0,0.0,0.0,100.0,0.0,1.0,1.0
294_satellite_image,DT,6.0,0.0006976696785001568,0.0,0.0018546657968099747,16.666666666666664,66.66666666666666,16.666666666666664,1.0,1.0,0.18181293546607105,0.0,0.4808025725251388,16.666666666666664,66.66666666666666,16.666666666666664,1.0,1.0
294_satellite_image,KNN,6.0,0.0017980515277705722,0.0016624003080797367,0.0008079230722901523,100.0,0.0,0.0,0.03125,1.0,0.950274372005724,0.8732651666567132,0.4480676301827584,100.0,0.0,0.0,0.03125,1.0
294_satellite_image,LR,6.0,0.0,0.0,0.0,0.0,100.0,0.0,1.0,1.0,0.0,0.0,0.0,0.0,100.0,0.0,1.0,1.0
294_satellite_image,RF,6.0,9.17453082911283e-05,1.1591747714589928e-05,0.0001972684465724022,50.0,50.0,0.0,0.25,1.0,0.04828425846437881,0.006000770067636305,0.10423536673278415,50.0,50.0,0.0,0.25,1.0
294_satellite_image,SVR,6.0,0.0,0.0,0.0,0.0,100.0,0.0,1.0,1.0,0.0,0.0,0.0,0.0,100.0,0.0,1.0,1.0
503_wind,DT,6.0,0.0,0.0,0.0,0.0,100.0,0.0,1.0,1.0,0.0,0.0,0.0,0.0,100.0,0.0,1.0,1.0
503_wind,KNN,6.0,0.0003582002105441499,0.000121558168592939,0.0006048292954423709,66.66666666666666,33.33333333333333,0.0,0.125,1.0,0.0727053708327381,0.03084087635882091,0.11806081508655626,66.66666666666666,33.33333333333333,0.0,0.125,1.0
503_wind,LR,6.0,0.0,0.0,0.0,0.0,100.0,0.0,1.0,1.0,0.0,0.0,0.0,0.0,100.0,0.0,1.0,1.0
503_wind,RF,6.0,4.349006167869707e-05,0.0,0.00010652845999497624,16.666666666666664,83.33333333333334,0.0,1.0,1.0,0.009990529836468542,0.0,0.024471700359398996,16.666666666666664,83.33333333333334,0.0,1.0,1.0
503_wind,SVR,6.0,0.0,0.0,0.0,0.0,100.0,0.0,1.0,1.0,0.0,0.0,0.0,0.0,100.0,0.0,1.0,1.0
505_tecator,DT,6.0,0.0012843441716299808,0.0012034507082398505,0.0005180437271115969,100.0,0.0,0.0,0.03125,1.0,2.526249910092804,1.8710215779551098,1.397120701998004,100.0,0.0,0.0,0.03125,1.0
505_tecator,KNN,6.0,0.0008193906544685289,0.0,0.0020070890034530565,16.666666666666664,83.33333333333334,0.0,1.0,1.0,0.2568232099067269,0.0,0.6290858183751787,16.666666666666664,83.33333333333334,0.0,1.0,1.0
505_tecator,LR,6.0,0.15730214696642927,0.13786941446992157,0.10495354365105862,83.33333333333334,16.666666666666664,0.0,0.0625,1.0,54.17635944549136,58.9718443665807,28.397788169608,83.33333333333334,0.0,16.666666666666664,0.0625,1.0
505_tecator,RF,6.0,0.00010510590184411213,0.0001078262651150741,0.00017167803042513868,83.33333333333334,0.0,16.666666666666664,0.3125,1.0,0.45618814662675616,0.497971305485051,0.6377190169857097,83.33333333333334,0.0,16.666666666666664,0.15625,1.0
505_tecator,SVR,6.0,0.0003076072451634511,0.00032523141615359297,0.0001776047511007553,83.33333333333334,16.666666666666664,0.0,0.0625,1.0,2.3965754405731166,2.8515025621105754,1.3675683050419962,83.33333333333334,16.666666666666664,0.0,0.0625,1.0
529_pollen,DT,6.0,0.0,0.0,0.0,0.0,100.0,0.0,1.0,1.0,0.0,0.0,0.0,0.0,100.0,0.0,1.0,1.0
529_pollen,KNN,6.0,0.0009496266367391426,0.001040542312139514,0.000504692504333526,100.0,0.0,0.0,0.03125,1.0,0.15619830800413895,0.169494263749573,0.08306804830880331,100.0,0.0,0.0,0.03125,1.0
529_pollen,LR,6.0,-1.2714806424396485e-06,0.0,1.1749989604712443e-05,16.666666666666664,50.0,33.33333333333333,0.75,1.0,-0.00035655059254045444,0.0,0.0028809519905580844,16.666666666666664,50.0,33.33333333333333,0.75,1.0
529_pollen,RF,6.0,0.0001493883377863455,0.00015467755210180067,0.00014022775741021946,66.66666666666666,33.33333333333333,0.0,0.125,1.0,0.030364079432390154,0.032143407911405034,0.028353174161415147,66.66666666666666,33.33333333333333,0.0,0.125,1.0
529_pollen,SVR,6.0,1.0422279910956197e-05,1.0866430484091083e-05,1.1518166146703006e-05,83.33333333333334,0.0,16.666666666666664,0.09375,1.0,0.00245708130486322,0.0025456604350816573,0.002669437884109879,83.33333333333334,0.0,16.666666666666664,0.09375,1.0
537_houses,DT,6.0,0.0,0.0,0.0,0.0,100.0,0.0,1.0,1.0,0.0,0.0,0.0,0.0,100.0,0.0,1.0,1.0
537_houses,KNN,6.0,0.00033342821443930565,0.000300530983735392,0.00040616988148976937,83.33333333333334,0.0,16.666666666666664,0.15625,1.0,0.0615142087849579,0.05657085489838742,0.07411931096092352,83.33333333333334,0.0,16.666666666666664,0.15625,1.0
537_houses,LR,6.0,0.0,0.0,0.0,0.0,100.0,0.0,1.0,1.0,0.0,0.0,0.0,0.0,100.0,0.0,1.0,1.0
537_houses,RF,6.0,0.0,0.0,0.0,0.0,100.0,0.0,1.0,1.0,0.0,0.0,0.0,0.0,100.0,0.0,1.0,1.0
537_houses,SVR,6.0,0.0006447199486355193,0.00037280904156583583,0.0007773213371931405,50.0,50.0,0.0,0.25,1.0,0.1371597325144589,0.07804265061391867,0.16551054473447424,50.0,50.0,0.0,0.25,1.0
542_pollution,DT,6.0,0.11812090607937464,0.12554213586649593,0.09677211120968815,83.33333333333334,0.0,16.666666666666664,0.0625,1.0,5.657437080214279,5.501554442161523,5.87264163942715,83.33333333333334,0.0,16.666666666666664,0.09375,1.0
542_pollution,KNN,6.0,0.046276747296678716,0.050284083530318074,0.022737384552533213,100.0,0.0,0.0,0.03125,1.0,2.886648153499891,3.0786859690109916,2.123343618633176,100.0,0.0,0.0,0.03125,1.0
542_pollution,LR,6.0,0.04174444629878867,0.007992419492442643,0.06119241444023888,50.0,50.0,0.0,0.25,1.0,3.518203033941653,1.0669166114418247,4.862034400907038,50.0,50.0,0.0,0.25,1.0
542_pollution,RF,6.0,0.0103282333425709,0.009830260293411636,0.0029432333012464514,100.0,0.0,0.0,0.03125,1.0,1.003281672815312,1.0064223890148964,0.2719672430124352,100.0,0.0,0.0,0.03125,1.0
542_pollution,SVR,6.0,0.039502239446364884,0.018264412187722706,0.050054850099235736,50.0,50.0,0.0,0.25,1.0,2.913033754712593,1.4565967563946567,4.429271006964912,50.0,50.0,0.0,0.25,1.0
560_bodyfat,DT,6.0,0.006447343398030825,0.003917642787881981,0.008276879999744365,66.66666666666666,0.0,33.33333333333333,0.15625,1.0,8.042714462711736,8.219538341149383,8.984797675949553,66.66666666666666,0.0,33.33333333333333,0.15625,1.0
560_bodyfat,KNN,6.0,0.006913794570465408,0.006156875986987553,0.001651266445888817,100.0,0.0,0.0,0.03125,1.0,1.9423436998318362,1.89664112807861,0.30567305453845095,100.0,0.0,0.0,0.03125,1.0
560_bodyfat,LR,6.0,0.0,0.0,0.0,0.0,100.0,0.0,1.0,1.0,0.0,0.0,0.0,0.0,100.0,0.0,1.0,1.0
560_bodyfat,RF,6.0,0.0005925043617331186,0.0006199405323197293,0.0005977781434316411,83.33333333333334,0.0,16.666666666666664,0.09375,1.0,1.3109174384586024,0.6752945041382967,1.6630759646712647,83.33333333333334,0.0,16.666666666666664,0.09375,1.0
560_bodyfat,SVR,6.0,0.0014446867507799666,0.0008748182613462219,0.0017138151532048907,66.66666666666666,16.666666666666664,16.666666666666664,0.125,1.0,1.7146252708873024,1.8052515930520654,2.0112907208699218,66.66666666666666,16.666666666666664,16.666666666666664,0.125,1.0
564_fried,DT,6.0,0.0,0.0,0.0,0.0,100.0,0.0,1.0,1.0,0.0,0.0,0.0,0.0,100.0,0.0,1.0,1.0
564_fried,KNN,6.0,0.0,0.0,0.0,0.0,100.0,0.0,1.0,1.0,0.0,0.0,0.0,0.0,100.0,0.0,1.0,1.0
564_fried,LR,6.0,1.700518039665644e-05,0.0,2.646429088564163e-05,33.33333333333333,66.66666666666666,0.0,0.5,1.0,0.0030632812711616528,0.0,0.004771854262527686,33.33333333333333,66.66666666666666,0.0,0.5,1.0
564_fried,RF,6.0,0.0,0.0,0.0,0.0,100.0,0.0,1.0,1.0,0.0,0.0,0.0,0.0,100.0,0.0,1.0,1.0
564_fried,SVR,6.0,0.0,0.0,0.0,0.0,100.0,0.0,1.0,1.0,0.0,0.0,0.0,0.0,100.0,0.0,1.0,1.0
574_house_16H,DT,6.0,0.0042199179954466965,0.0014012488043189664,0.008587603067675458,66.66666666666666,16.666666666666664,16.666666666666664,0.3125,1.0,0.34247306258138116,0.07528947409559059,0.7355144629896879,66.66666666666666,16.666666666666664,16.666666666666664,0.3125,1.0
574_house_16H,KNN,6.0,0.0013057787020461602,0.001275542542155672,0.0006446752983702648,100.0,0.0,0.0,0.03125,1.0,0.14171777400330907,0.14027468412628355,0.0696044008415695,100.0,0.0,0.0,0.03125,1.0
574_house_16H,LR,6.0,0.0,0.0,0.0,0.0,100.0,0.0,1.0,1.0,0.0,0.0,0.0,0.0,100.0,0.0,1.0,1.0
574_house_16H,RF,6.0,0.0001548800426662463,4.213813892384177e-05,0.00025499278146332645,50.0,50.0,0.0,0.25,1.0,0.022327994865983386,0.005654322379514555,0.037608126844042855,50.0,50.0,0.0,0.25,1.0
574_house_16H,SVR,6.0,0.0010203874074360224,0.0,0.002499428488179656,16.666666666666664,83.33333333333334,0.0,1.0,1.0,0.11083942271288562,0.0,0.27150002903122217,16.666666666666664,83.33333333333334,0.0,1.0,1.0
