teste,alg,mediana,media,maximo,n_datasets
Ajuste de hiperparâmetros,DT,0.0006976696785001568,0.008899977954116779,0.11812090607937464,21
Ajuste de hiperparâmetros,KNN,0.0013057787020461602,0.008273420668564312,0.0683015271327357,21
Ajuste de hiperparâmetros,LR,0.0,0.02812862262411932,0.34894555381213016,21
Ajuste de hiperparâmetros,RF,0.00010510590184411213,0.0017114515093809683,0.0103282333425709,21
Ajuste de hiperparâmetros,SVR,0.0003076072451634511,0.018785399719726845,0.3212234049938445,21
Imputação,DT,0.00010506959051119403,0.0002401993542979623,0.003822732086235487,21
Imputação,KNN,6.668418254131435e-05,0.00012135745303521554,0.0015957352611805145,21
Imputação,LR,9.773737544514617e-06,-0.00010802985470489988,0.0029560658163085562,21
Imputação,RF,2.4185889915015778e-06,0.00015675386285751562,0.0019344284528191845,21
Imputação,SVR,3.600280064784766e-05,0.000503543173279057,0.0028635968625894868,21
Normalização,DT,0.0,-0.000702066021201718,0.0022051394537922855,21
Normalização,KNN,-7.4701652488240455e-06,0.0001786215873669404,0.0070019505365976065,21
Normalização,LR,0.0,1.0893592024913575e-11,2.2876543252318507e-10,21
Normalização,RF,5.30784653784977e-07,7.571367668091211e-05,0.0025371122241790167,21
Normalização,SVR,7.3562457989784225e-06,0.0016968474835838687,0.03301766246623592,21
Seleção de atributos,DT,0.0,-0.00021155348263690455,0.024351078452104043,21
Seleção de atributos,KNN,0.0,0.003158477560083204,0.06506575243048558,21
Seleção de atributos,LR,0.0,0.00946741398749655,0.1999165101492545,21
Seleção de atributos,RF,0.0,0.0017701955762667594,0.054237938474577856,21
Seleção de atributos,SVR,0.0,0.005425473927646915,0.11720976672612597,21
